age,income_k,monthly_spend,tenure_months,website_visits,support_tickets,days_since_login,num_products,auto_pay,premium_plan,contract_type,region,channel,high_risk
18,90.2,167.9,89,6,2.0,14.2,6,0,0,Annual,East,Mobile,0
57,113.5,188.0,91,14,2.0,36.6,5,0,0,Monthly,West,,0
52,107.0,59.9,40,11,1.0,21.6,3,1,0,Monthly,West,Web,0
21,100.1,279.5,25,15,1.0,10.4,5,0,1,Monthly,West,Store,0
70,59.7,106.3,5,11,2.0,10.4,3,0,0,Monthly,North,Mobile,0
30,74.6,185.3,47,6,0.0,33.5,1,0,1,Monthly,West,Web,0
32,87.5,176.8,29,10,2.0,18.2,1,1,0,Two-Year,West,Web,0
28,148.5,204.5,26,10,3.0,9.7,2,0,1,Monthly,East,Mobile,0
37,100.3,130.2,102,12,1.0,4.8,1,0,0,Annual,North,Mobile,0
28,75.2,87.7,24,8,0.0,16.9,2,1,0,Monthly,West,Mobile,0
38,83.6,140.4,100,8,1.0,17.4,6,0,0,Monthly,North,Web,0
65,91.0,149.9,12,11,2.0,61.2,4,1,0,Annual,East,Web,0
44,72.2,,6,14,1.0,20.3,6,0,0,Monthly,East,Store,0
71,100.0,209.9,12,10,1.0,9.2,6,1,1,Annual,North,Mobile,0
44,111.1,23.4,66,12,2.0,4.5,6,1,0,Annual,South,Mobile,0
34,151.9,171.6,117,13,2.0,9.8,6,0,0,Monthly,East,Store,0
63,123.9,201.1,111,8,2.0,9.0,3,0,1,,South,Web,0
65,87.5,109.6,97,8,0.0,9.9,3,1,1,Annual,North,,0
67,59.6,47.3,34,11,1.0,25.2,6,1,1,Annual,West,Web,0
69,41.9,131.1,79,10,3.0,14.4,1,0,1,Annual,West,Mobile,0
19,108.0,129.5,38,12,1.0,11.1,4,1,0,Two-Year,South,Partner,0
47,115.1,115.5,68,11,0.0,24.1,2,1,1,Monthly,North,Mobile,0
33,123.0,,103,10,1.0,49.6,5,0,0,Annual,North,Partner,0
32,87.9,299.7,21,11,6.0,25.0,1,1,0,,West,Store,0
31,79.1,132.1,27,11,1.0,11.9,6,1,1,Monthly,East,Web,0
65,76.1,106.0,17,12,4.0,20.5,3,0,1,Monthly,East,Web,1
63,103.3,108.2,99,6,0.0,5.3,5,1,0,Annual,West,Web,0
30,18.0,168.6,103,11,2.0,29.2,1,0,0,Annual,East,Mobile,0
41,26.1,143.7,114,11,2.0,8.7,3,0,0,Monthly,West,Web,0
61,18.0,63.2,102,12,1.0,7.8,6,1,0,Monthly,West,Mobile,0
26,65.0,111.8,16,16,3.0,7.1,5,1,0,Monthly,South,Mobile,0
54,74.5,160.1,33,8,1.0,49.4,6,0,0,Annual,East,Web,0
43,114.1,112.7,49,12,4.0,29.8,4,0,0,Monthly,East,Web,0
71,79.5,183.6,38,10,5.0,45.6,5,0,1,Two-Year,West,Mobile,0
60,94.1,157.2,103,11,1.0,9.5,5,0,0,Monthly,South,Partner,0
31,74.6,192.0,13,9,3.0,5.9,5,0,0,Monthly,South,Web,1
66,63.4,182.0,120,7,2.0,14.9,4,1,0,Monthly,East,Partner,0
64,45.2,164.2,19,8,1.0,11.9,1,0,0,Annual,West,Mobile,0
30,85.7,225.5,59,6,1.0,1.5,5,1,0,Monthly,East,Partner,0
48,77.1,61.9,70,13,3.0,12.0,6,0,0,Monthly,East,Web,0
64,46.3,52.8,17,10,1.0,44.2,3,1,0,Two-Year,South,Web,0
31,61.3,92.6,24,10,3.0,15.3,3,0,0,Annual,South,Web,0
32,46.0,118.5,106,7,,29.7,4,0,0,Two-Year,East,Partner,0
27,52.5,126.6,21,7,3.0,11.2,1,1,0,Two-Year,East,Mobile,0
18,115.4,37.8,56,11,1.0,10.0,5,0,1,Monthly,West,Web,0
46,89.3,212.1,81,12,1.0,40.2,3,1,0,Monthly,North,Mobile,0
18,93.8,138.1,111,8,5.0,6.5,6,1,0,Monthly,North,Mobile,0
51,,148.2,101,11,0.0,29.4,1,0,0,Annual,North,Web,0
42,60.8,75.5,38,7,1.0,10.5,4,1,0,Monthly,South,Mobile,0
28,114.7,123.2,27,8,2.0,4.1,1,0,1,Annual,South,Web,0
38,,114.7,24,7,1.0,4.8,4,1,1,Annual,North,Store,0
18,,152.2,43,13,1.0,13.5,6,1,0,Monthly,East,Mobile,0
26,98.0,196.9,31,11,5.0,23.5,1,0,0,Annual,South,Web,0
45,113.3,141.4,85,16,3.0,10.6,3,0,0,Annual,West,Web,0
22,115.1,94.0,15,16,2.0,25.9,6,0,1,Monthly,East,Web,0
60,84.7,155.7,30,9,0.0,28.8,5,1,1,Monthly,West,Partner,0
32,59.5,145.2,31,13,0.0,5.7,6,1,0,Annual,West,Mobile,0
71,88.9,,40,6,2.0,1.2,4,0,0,Monthly,North,Mobile,0
27,93.4,137.1,112,13,4.0,20.6,2,0,1,Monthly,North,Mobile,0
54,71.5,41.0,10,5,0.0,22.3,1,1,1,Monthly,North,Web,0
47,71.1,138.4,72,7,2.0,16.3,6,1,0,Monthly,South,Store,0
71,101.0,5.0,66,9,2.0,30.8,1,0,0,Monthly,South,Store,0
53,137.0,113.1,7,14,5.0,8.4,2,1,0,Two-Year,South,Web,0
68,27.8,180.4,115,11,2.0,11.1,3,1,0,Annual,North,Web,0
44,79.3,106.5,64,10,0.0,19.7,5,1,1,Annual,West,Mobile,0
30,30.7,147.2,54,21,1.0,20.0,4,0,0,Monthly,West,Mobile,0
28,,149.5,2,16,1.0,47.5,5,0,1,Annual,South,Web,0
68,68.8,124.3,88,5,2.0,29.9,3,1,0,Monthly,South,Mobile,0
29,139.2,69.6,105,15,1.0,15.0,4,0,0,Monthly,South,Web,0
60,94.3,69.2,93,12,1.0,9.9,4,0,1,Annual,North,Web,0
48,46.2,92.0,32,12,1.0,10.1,4,0,1,Annual,West,Mobile,0
34,,159.5,3,8,0.0,22.9,1,1,0,Monthly,North,Partner,0
41,31.8,191.6,57,14,2.0,22.6,6,0,0,Monthly,West,Store,0
64,98.9,82.1,53,11,0.0,26.6,1,0,0,Annual,South,Mobile,0
44,132.6,100.6,5,12,0.0,38.1,5,1,0,Two-Year,East,Web,0
68,90.2,116.4,15,10,0.0,19.8,3,1,0,Monthly,North,Mobile,0
72,99.9,214.9,75,7,0.0,38.3,1,0,0,Monthly,North,Mobile,0
35,94.6,102.8,34,7,2.0,23.1,4,0,0,Two-Year,South,Mobile,0
48,74.6,193.4,15,11,1.0,7.5,6,1,0,Monthly,South,Mobile,0
48,,115.8,105,8,3.0,12.3,5,0,1,Annual,South,,0
49,33.8,119.3,38,8,3.0,3.2,3,1,0,Annual,East,Store,0
22,96.0,108.5,19,6,2.0,12.0,1,1,1,Monthly,North,Mobile,0
39,58.2,127.4,30,13,2.0,13.3,1,0,0,Monthly,West,Partner,0
51,104.4,77.4,103,6,1.0,25.8,5,0,0,Annual,North,Mobile,0
71,69.3,130.6,89,7,1.0,16.5,2,0,1,Monthly,South,Mobile,0
31,,84.9,3,12,,21.0,6,1,0,Monthly,South,Web,0
55,72.6,133.7,6,6,1.0,15.3,2,0,0,Two-Year,North,Mobile,0
62,54.7,32.6,54,14,1.0,10.7,5,1,0,Annual,South,Mobile,0
71,94.9,100.7,69,9,2.0,9.6,3,0,0,Annual,West,Web,0
28,71.2,120.4,63,10,1.0,32.6,4,0,1,Monthly,North,Web,0
57,47.7,110.2,7,8,1.0,8.0,4,1,0,Monthly,East,Web,0
36,65.1,34.3,3,11,5.0,15.9,6,0,1,Two-Year,South,Mobile,0
43,73.5,,38,7,4.0,8.5,3,0,0,Annual,East,Partner,0
18,90.8,52.3,109,8,1.0,10.7,2,0,0,Annual,South,Web,0
59,84.9,249.1,75,6,2.0,20.7,5,0,0,Annual,South,Web,0
19,64.7,210.2,73,7,1.0,8.6,6,0,0,Annual,South,Store,0
39,,238.0,14,5,2.0,23.9,1,0,0,Annual,South,Web,0
46,145.8,136.3,62,9,1.0,22.3,2,1,1,Two-Year,West,Mobile,0
56,70.4,30.5,80,4,3.0,15.5,2,1,0,Monthly,South,Web,0
45,,237.4,75,9,2.0,11.5,2,1,0,Annual,West,Store,0
66,44.1,149.1,51,15,3.0,8.5,2,0,0,Annual,South,Web,0
25,58.7,237.9,26,19,0.0,36.8,2,1,0,Annual,East,Mobile,0
33,113.8,206.8,46,3,0.0,6.1,5,1,0,Monthly,North,Store,0
32,115.1,158.4,79,8,1.0,28.2,3,1,0,Annual,North,Web,0
40,63.6,82.4,46,5,1.0,10.3,6,0,0,Monthly,South,Store,0
18,84.9,89.6,75,3,1.0,12.3,6,0,1,Monthly,North,Partner,0
42,75.0,126.2,76,10,6.0,30.0,1,1,0,Monthly,East,Web,0
40,40.6,142.4,92,11,0.0,50.8,1,1,0,Monthly,East,Mobile,1
51,80.7,131.6,110,6,1.0,4.0,6,0,0,Monthly,West,Mobile,0
51,89.1,154.9,93,3,2.0,12.0,2,0,0,Two-Year,South,Web,0
34,46.1,,23,21,3.0,5.2,2,0,0,Monthly,West,Web,0
42,85.2,240.6,75,10,,12.2,3,0,1,Annual,West,Mobile,0
47,,48.6,11,11,4.0,12.2,5,1,0,Monthly,South,Mobile,0
66,26.6,166.0,56,9,1.0,20.7,5,0,0,Monthly,West,Mobile,0
22,83.8,193.7,40,9,2.0,12.0,4,0,0,Two-Year,East,Web,0
53,101.7,147.8,19,4,1.0,11.5,5,1,1,Monthly,North,Web,0
22,,168.6,83,13,4.0,23.0,4,1,0,Monthly,South,Mobile,0
33,44.7,102.9,69,7,1.0,19.7,3,1,1,Two-Year,South,Web,0
43,66.4,145.0,33,11,3.0,8.7,6,0,1,Annual,South,Mobile,0
65,79.2,,1,6,1.0,14.7,5,0,1,Monthly,East,Partner,0
37,109.8,101.4,95,6,0.0,29.7,3,1,0,Monthly,North,Mobile,0
46,137.1,112.7,107,8,,7.8,2,1,0,Monthly,East,Web,0
51,84.9,163.7,42,10,5.0,7.1,4,0,0,Monthly,East,Web,0
62,116.6,121.6,68,7,0.0,20.9,2,0,1,Monthly,East,Store,0
40,72.8,136.4,105,13,2.0,31.0,6,1,1,Annual,North,Mobile,0
50,,128.5,39,6,3.0,11.4,6,0,1,Monthly,North,Partner,0
66,110.6,114.7,34,14,0.0,5.5,5,0,1,Monthly,West,Web,0
43,127.2,,83,13,3.0,11.3,6,1,0,Annual,West,Mobile,0
72,134.6,70.1,100,10,1.0,14.2,4,1,0,Annual,East,Web,0
40,56.6,149.2,43,16,1.0,3.2,2,0,0,,East,Mobile,0
43,48.0,117.6,32,6,0.0,15.0,5,1,1,Monthly,South,Web,0
19,128.3,71.8,61,10,2.0,29.6,3,0,0,Two-Year,West,Web,0
48,18.0,108.8,113,14,2.0,26.4,4,0,0,Monthly,West,Web,1
45,71.7,162.2,42,10,0.0,16.5,3,1,1,Monthly,East,Mobile,0
42,,168.1,15,6,0.0,23.6,6,0,0,Monthly,East,Web,0
54,120.3,49.0,98,17,0.0,22.2,2,0,0,Monthly,South,Store,0
49,82.2,170.3,109,12,0.0,24.5,1,0,1,Monthly,East,Web,0
72,,36.8,43,6,1.0,15.6,3,0,0,Monthly,South,Mobile,0
41,83.4,106.5,80,8,4.0,7.7,3,1,0,Monthly,South,Mobile,0
43,70.4,187.5,20,5,1.0,4.1,6,0,0,Monthly,North,Store,0
65,95.6,81.2,103,10,5.0,13.1,6,0,0,Annual,West,Web,0
46,49.9,190.1,15,9,2.0,14.7,6,0,0,Annual,West,Web,0
32,46.8,146.8,105,7,1.0,20.8,4,0,0,Monthly,North,Mobile,0
48,65.1,243.7,104,13,1.0,11.8,2,1,1,Annual,South,Web,0
47,72.2,227.7,35,10,2.0,14.2,5,1,0,Annual,West,Web,0
41,56.1,161.0,104,12,0.0,16.5,1,1,1,Monthly,South,Store,0
48,81.4,126.9,16,7,2.0,20.5,3,1,0,Monthly,West,Mobile,0
51,144.4,211.0,43,6,0.0,13.9,2,0,0,Monthly,West,Mobile,0
74,69.9,160.4,73,10,0.0,17.7,2,1,1,Monthly,East,Mobile,0
22,105.1,182.4,48,6,4.0,14.1,1,0,0,Annual,West,Web,0
70,68.9,168.5,92,15,3.0,17.7,6,0,0,Two-Year,East,Store,0
46,113.1,155.7,87,9,3.0,15.5,3,0,1,Annual,East,Mobile,0
40,43.5,,34,8,1.0,36.9,2,0,0,Annual,West,Mobile,0
53,105.1,190.7,50,10,0.0,7.2,3,1,0,Monthly,West,Web,0
24,,106.6,14,11,3.0,7.3,3,0,0,Two-Year,North,Web,0
61,90.5,219.4,55,16,1.0,28.0,3,1,0,Monthly,West,Mobile,0
23,40.1,110.9,54,8,4.0,7.8,6,0,0,Annual,South,Web,0
42,64.1,147.1,55,12,3.0,10.3,1,0,0,Annual,East,Web,0
29,118.9,224.7,65,11,2.0,10.0,5,1,0,Two-Year,South,Web,0
35,32.1,163.2,63,11,1.0,22.7,1,1,0,Annual,North,Mobile,0
45,65.8,94.7,35,9,2.0,16.2,4,1,1,Annual,South,Web,0
18,91.7,194.2,44,6,2.0,19.5,4,1,0,Annual,West,Store,0
69,137.0,136.7,78,20,1.0,4.1,3,1,0,Monthly,North,Store,0
61,114.3,180.5,24,7,2.0,22.6,2,1,0,Annual,West,Web,0
73,119.1,116.7,102,5,2.0,29.7,4,1,0,Monthly,North,Web,0
22,64.0,156.3,56,12,3.0,35.0,2,1,0,Monthly,East,Mobile,0
28,83.7,225.9,20,9,1.0,10.3,2,1,0,Monthly,West,Web,0
46,55.7,139.9,102,18,1.0,10.1,5,1,1,Annual,East,Web,0
67,68.7,264.2,37,10,2.0,16.4,3,0,1,Two-Year,North,Mobile,0
35,81.3,212.5,101,4,2.0,15.6,2,1,0,Monthly,West,Mobile,0
35,55.2,,64,12,2.0,7.6,1,0,1,Monthly,East,Store,0
66,117.5,145.8,33,6,2.0,6.2,5,0,0,Annual,South,Web,0
18,79.2,109.5,109,7,0.0,28.3,5,1,1,Two-Year,South,,0
73,66.9,177.6,83,25,0.0,9.3,6,1,1,Monthly,East,Mobile,0
29,51.4,142.0,106,6,2.0,4.5,1,0,0,Annual,South,Mobile,0
36,115.6,159.2,25,17,1.0,15.7,2,0,1,Monthly,South,Mobile,1
36,,205.5,77,11,2.0,9.9,4,1,0,Monthly,West,Web,1
70,69.0,116.5,50,4,1.0,15.5,4,1,1,Monthly,West,Mobile,0
65,41.6,171.9,17,16,,52.0,1,1,0,Annual,West,Web,0
37,101.6,28.9,89,5,4.0,10.3,1,0,0,,East,Store,0
37,72.9,210.5,82,8,2.0,16.4,4,1,1,Annual,East,Web,1
65,106.2,70.1,31,13,0.0,8.2,6,1,0,Annual,North,Store,0
34,78.1,134.9,42,7,1.0,10.7,3,0,0,Monthly,North,Partner,1
64,120.2,158.1,88,9,0.0,17.1,5,1,1,Monthly,North,Mobile,0
65,76.0,160.3,17,19,2.0,18.4,3,0,0,Two-Year,East,Web,0
56,125.2,164.8,102,6,3.0,14.3,1,1,1,Monthly,South,Web,0
61,101.7,169.2,35,13,0.0,20.9,6,0,0,Monthly,South,Web,0
31,37.3,254.0,52,7,2.0,6.1,3,1,0,Monthly,West,Web,0
50,68.8,213.7,108,12,2.0,24.8,4,0,0,Annual,West,Mobile,0
25,124.4,177.7,12,5,1.0,6.1,4,0,0,Annual,South,Web,0
21,86.1,37.3,17,6,0.0,28.5,5,0,0,Monthly,North,Web,0
42,62.0,110.8,101,11,1.0,13.6,4,0,0,Annual,East,Web,0
35,80.5,229.8,13,15,4.0,12.2,1,0,0,Two-Year,West,Web,1
26,112.3,24.1,16,12,2.0,3.2,1,0,1,Annual,West,Mobile,0
48,89.2,,63,10,2.0,27.0,4,1,0,Annual,East,Web,0
68,72.2,101.8,78,10,2.0,10.9,3,0,0,Monthly,North,Mobile,1
32,27.1,255.1,70,10,1.0,15.3,4,0,0,Monthly,South,Web,0
28,128.3,111.2,94,5,1.0,23.3,5,1,0,Annual,South,Web,0
68,50.1,144.8,93,9,2.0,1.4,3,1,0,Two-Year,West,Web,0
19,109.7,102.8,91,6,2.0,9.0,1,0,1,Monthly,South,Store,0
52,,,65,8,2.0,10.6,1,1,0,Annual,North,Web,0
50,61.3,141.9,92,8,5.0,14.6,3,1,1,Monthly,South,Store,0
45,51.9,96.2,32,8,0.0,17.8,6,1,0,Monthly,West,Web,0
42,103.6,85.7,14,11,,24.2,3,1,1,Two-Year,North,Store,0
19,,129.9,69,16,1.0,14.6,4,0,0,Monthly,West,Web,0
67,95.0,98.3,4,14,2.0,6.8,4,0,1,Monthly,North,Store,0
21,130.2,117.7,12,9,0.0,21.5,5,1,0,Two-Year,South,Store,0
27,81.7,85.3,38,10,1.0,32.5,5,1,0,Monthly,West,Store,0
69,51.3,119.4,52,8,1.0,12.1,5,1,0,Annual,East,Mobile,0
38,68.5,147.8,82,8,1.0,15.8,2,0,1,Annual,South,Web,0
44,47.8,116.1,22,17,2.0,22.6,1,0,0,Monthly,South,Web,0
55,103.1,185.9,110,6,5.0,15.3,4,1,0,Annual,West,Web,0
50,98.9,126.4,83,10,4.0,17.1,2,0,0,Annual,North,Web,0
72,87.1,200.6,2,13,1.0,8.3,6,0,1,Monthly,West,Web,0
72,46.2,150.5,92,7,2.0,20.9,5,1,1,Monthly,West,Web,0
33,18.0,94.1,100,13,1.0,9.7,3,0,1,Monthly,South,Web,0
62,67.3,209.3,20,6,1.0,7.9,4,1,1,Monthly,South,Store,0
57,68.1,150.3,55,10,1.0,24.8,4,1,0,Monthly,West,Web,0
32,48.6,219.8,118,13,1.0,10.9,1,0,1,Annual,North,Web,0
26,51.1,224.3,79,8,0.0,18.9,3,1,0,Annual,South,Web,1
65,66.6,110.5,67,13,3.0,28.7,2,0,0,Monthly,East,Mobile,0
60,101.5,175.8,58,12,2.0,30.3,5,0,0,Monthly,West,Web,0
39,18.0,102.9,61,9,1.0,10.0,3,0,1,Monthly,West,Web,0
35,63.0,,25,13,0.0,22.6,1,1,1,Annual,West,Mobile,0
58,104.9,94.5,59,10,1.0,14.1,2,0,1,Monthly,North,Web,0
32,18.0,240.3,52,12,0.0,25.9,2,1,0,Monthly,West,Web,0
44,73.2,223.4,99,14,2.0,12.6,3,0,0,Annual,South,Mobile,0
31,78.9,221.8,14,8,1.0,12.2,5,1,0,Two-Year,South,Mobile,0
53,81.1,70.3,91,9,4.0,14.1,2,1,0,Monthly,East,Store,0
39,132.5,173.7,104,13,5.0,16.8,1,0,0,Annual,East,Mobile,0
56,77.2,120.9,114,5,3.0,17.1,4,1,0,Annual,North,Mobile,0
37,57.3,105.7,45,9,4.0,11.7,4,0,1,Monthly,North,Store,0
54,64.5,133.7,94,14,3.0,7.7,5,0,0,Annual,North,Mobile,0
53,79.2,153.0,114,13,0.0,5.1,3,0,0,Annual,West,Store,0
44,50.4,147.3,58,14,3.0,7.7,1,1,0,Monthly,North,Web,0
49,31.6,83.6,39,10,4.0,25.5,2,0,0,Monthly,West,Web,0
28,53.8,123.6,39,15,2.0,11.7,5,0,0,Annual,West,Mobile,0
61,69.4,181.3,19,8,3.0,21.0,6,0,1,Annual,North,Mobile,0
59,127.6,224.0,58,6,2.0,11.0,4,1,1,Monthly,West,Web,0
35,58.8,170.2,81,6,0.0,11.1,5,0,1,Monthly,North,Mobile,0
42,59.8,113.3,17,15,0.0,9.7,2,1,0,Monthly,East,Mobile,0
73,36.6,241.9,72,6,2.0,11.3,3,0,1,Annual,North,Store,0
25,118.2,190.1,73,11,4.0,14.8,2,1,0,Monthly,West,Mobile,1
49,89.0,128.2,61,13,4.0,6.0,1,1,0,Monthly,West,,0
48,102.2,67.9,46,10,1.0,12.1,6,1,0,Annual,South,Mobile,0
57,92.1,33.5,118,15,2.0,4.4,6,1,0,Two-Year,North,Mobile,0
43,56.6,232.2,81,11,2.0,15.8,2,0,1,,North,Web,0
57,84.2,194.3,99,8,1.0,10.2,6,1,0,,South,Mobile,0
24,48.3,124.4,27,10,0.0,15.2,1,1,0,Annual,South,Web,0
26,92.2,161.5,43,9,0.0,12.1,1,0,1,Monthly,West,Web,0
48,113.9,81.3,109,12,0.0,7.3,5,1,0,Annual,South,Mobile,0
26,155.5,203.6,119,9,2.0,19.6,6,1,0,Two-Year,West,Mobile,0
19,,91.5,91,7,1.0,7.4,2,1,1,Annual,South,Web,0
44,115.0,87.6,35,6,1.0,25.2,6,0,0,Monthly,North,Partner,0
58,104.4,210.8,18,12,4.0,16.7,5,0,0,Annual,South,Web,0
48,43.1,96.0,115,15,2.0,16.3,3,0,1,Two-Year,North,Store,0
68,85.3,137.4,92,13,2.0,11.4,1,1,0,Monthly,North,Web,0
33,118.9,203.5,73,5,2.0,15.5,3,0,1,Annual,North,Web,0
44,59.1,152.7,71,10,3.0,21.2,3,0,0,Monthly,South,Mobile,0
28,91.2,206.8,105,9,1.0,14.5,2,0,0,Annual,West,Mobile,0
32,73.2,82.0,50,11,3.0,13.6,2,1,0,Annual,East,Web,0
47,88.6,136.8,6,12,4.0,31.9,1,1,0,Annual,East,Mobile,0
52,56.2,185.9,16,13,3.0,14.4,3,1,0,Two-Year,East,Store,0
56,80.8,158.8,18,9,3.0,16.5,4,1,0,Monthly,North,Web,0
33,92.4,147.1,107,11,2.0,21.3,1,0,0,Monthly,West,Web,0
31,61.8,121.5,106,8,2.0,18.6,3,0,0,Annual,West,Mobile,0
41,53.2,126.9,47,12,3.0,8.7,4,1,0,Monthly,West,Store,0
30,76.1,116.2,47,10,2.0,14.0,1,1,1,Monthly,North,Web,0
31,63.0,177.2,37,14,2.0,23.6,6,1,1,Two-Year,South,Mobile,0
73,79.1,78.7,73,6,2.0,15.5,2,0,0,Monthly,West,Partner,0
37,55.3,137.7,86,7,0.0,15.2,2,1,1,Annual,East,Mobile,0
60,104.9,163.4,91,9,0.0,17.6,2,1,0,Monthly,East,Web,0
36,86.1,128.8,113,6,1.0,28.3,2,0,0,Monthly,South,Partner,0
19,35.7,,41,10,2.0,14.5,6,0,0,Annual,South,Web,0
20,121.7,104.8,109,12,6.0,20.5,1,0,0,Monthly,South,Mobile,0
74,53.0,190.4,55,9,2.0,10.4,2,0,1,Monthly,South,Web,0
39,67.9,215.5,90,11,1.0,12.7,5,1,0,Monthly,West,Mobile,0
18,112.5,107.0,11,4,2.0,34.2,3,0,1,Monthly,West,Web,0
39,54.2,105.6,89,15,1.0,18.4,1,0,0,Annual,South,Web,0
33,139.8,55.3,18,13,1.0,7.7,3,0,0,Two-Year,North,Web,0
56,18.0,155.5,92,19,6.0,20.8,3,1,1,Annual,West,Web,0
71,18.0,257.2,89,8,7.0,1.2,2,1,0,Two-Year,West,Store,0
69,84.7,122.7,25,11,2.0,11.8,2,1,1,Two-Year,North,Web,0
22,34.9,137.5,67,7,2.0,12.0,3,0,0,Monthly,South,Web,0
18,80.4,41.1,17,12,1.0,11.6,6,1,0,Annual,East,Store,0
67,52.7,100.4,110,8,2.0,33.4,1,0,1,Annual,East,Mobile,0
28,69.0,189.6,53,5,0.0,14.4,2,0,0,Annual,North,Mobile,0
26,86.7,200.8,75,7,1.0,10.3,3,0,1,Monthly,East,Web,0
72,81.0,190.5,106,11,1.0,12.8,2,0,1,Two-Year,North,Web,0
28,70.4,,68,5,1.0,14.0,6,0,1,Two-Year,South,Web,0
67,63.8,127.3,83,7,3.0,8.4,4,0,0,Monthly,West,Mobile,0
63,71.6,116.4,42,7,0.0,31.8,6,1,0,Monthly,South,Mobile,0
29,57.5,245.2,109,5,1.0,14.9,4,0,0,Two-Year,East,Store,0
69,113.4,97.8,89,12,3.0,9.0,3,1,0,Monthly,North,Web,0
54,46.1,135.7,29,13,0.0,18.9,2,0,0,Monthly,East,Web,0
44,86.3,135.2,97,14,2.0,18.5,5,1,0,Monthly,South,Web,0
46,88.0,119.0,10,11,3.0,9.2,3,1,0,Two-Year,North,Partner,0
20,24.7,128.0,28,13,1.0,18.9,6,0,0,Annual,East,Mobile,0
68,87.6,128.4,57,8,5.0,28.3,4,1,1,Monthly,North,Mobile,1
36,112.0,156.2,23,13,0.0,23.3,2,0,1,Monthly,East,Mobile,0
34,71.4,131.5,27,10,2.0,19.8,4,1,0,Monthly,South,Store,0
18,,200.2,78,12,1.0,22.0,6,0,1,Two-Year,West,Mobile,0
33,76.0,125.2,25,8,2.0,14.6,2,0,1,Annual,West,Store,0
38,82.8,132.0,36,11,0.0,20.4,5,0,0,Two-Year,North,Mobile,0
20,103.6,154.2,17,10,1.0,34.7,3,0,1,Monthly,West,Store,0
56,,56.0,54,11,2.0,51.0,1,0,0,Monthly,East,Web,0
26,95.0,102.7,75,9,1.0,16.7,3,1,1,Annual,West,Partner,0
33,,178.7,111,10,3.0,18.1,3,0,0,Annual,North,Web,0
45,81.0,159.7,68,17,0.0,6.2,3,0,1,Two-Year,West,Mobile,0
55,24.8,145.0,30,11,0.0,4.3,3,1,0,Monthly,South,Web,0
28,,163.1,93,7,2.0,25.0,6,0,1,Two-Year,West,Web,0
71,57.5,78.6,39,12,1.0,40.7,6,0,0,Annual,West,Mobile,0
48,90.4,151.5,47,7,2.0,9.7,2,1,0,Two-Year,South,Mobile,0
45,65.3,105.7,27,15,1.0,8.6,4,1,0,Annual,North,Mobile,0
61,,162.6,78,13,1.0,9.8,5,0,0,Monthly,South,Web,0
30,66.2,230.8,1,7,3.0,18.1,6,0,0,Two-Year,West,Web,0
34,46.2,71.8,56,15,0.0,19.4,4,0,1,Monthly,North,Web,0
71,18.0,227.0,74,11,2.0,39.6,3,1,0,Annual,South,Mobile,0
58,77.2,106.3,56,7,1.0,0.5,1,1,0,Annual,North,Web,0
72,67.9,169.0,60,7,0.0,18.3,6,1,0,Monthly,South,Store,0
54,,86.9,97,15,2.0,9.4,6,1,0,Monthly,West,Web,0
25,104.2,122.5,59,4,3.0,11.3,1,0,0,Monthly,East,Web,0
61,101.1,77.3,7,15,0.0,13.7,4,1,0,Annual,North,Web,0
70,50.4,209.8,46,8,2.0,20.0,6,1,1,Monthly,South,Store,0
25,40.7,253.4,5,8,0.0,42.7,4,1,0,Annual,West,Web,0
34,65.3,109.9,42,11,2.0,5.1,1,1,1,Annual,North,Web,0
63,50.7,121.9,90,4,3.0,7.6,5,1,0,Two-Year,West,Web,0
25,82.0,207.3,23,11,3.0,19.2,6,0,1,Monthly,South,Web,0
74,69.0,96.6,3,12,3.0,7.2,1,1,0,Monthly,South,Web,0
24,99.4,69.2,48,13,0.0,18.9,3,0,1,Two-Year,East,Web,0
19,62.2,179.1,103,17,1.0,20.0,2,1,0,Monthly,North,Mobile,0
62,22.4,,16,8,2.0,35.0,1,1,1,Annual,North,Mobile,0
18,98.6,212.2,97,12,1.0,25.4,1,0,1,Monthly,North,Mobile,0
23,155.2,140.6,86,13,3.0,7.3,1,0,0,Two-Year,West,Web,0
57,97.1,45.2,77,9,2.0,3.7,3,1,0,Monthly,South,Mobile,0
62,31.3,248.3,42,10,2.0,5.8,6,1,1,Monthly,West,,0
69,33.4,120.5,72,13,2.0,12.1,6,1,0,Monthly,West,Mobile,0
31,,,56,10,1.0,7.9,5,0,1,Monthly,South,Web,0
65,73.9,143.4,11,9,4.0,10.4,5,1,0,Monthly,East,Partner,0
42,77.7,70.4,75,17,4.0,16.1,5,1,1,Two-Year,East,Web,0
62,60.8,40.7,87,9,4.0,21.4,5,1,0,Monthly,West,Web,0
26,107.8,207.4,107,7,4.0,13.1,1,0,0,Monthly,North,Web,0
60,84.3,,104,11,1.0,4.1,2,1,1,Monthly,East,Web,0
55,41.8,242.4,6,10,1.0,9.5,1,0,0,Annual,North,Store,0
41,62.9,149.9,57,8,2.0,18.1,1,0,0,Monthly,East,Store,0
44,69.3,150.3,85,10,4.0,28.4,3,1,0,Monthly,South,Mobile,0
28,63.7,118.5,43,15,2.0,28.7,3,0,0,Monthly,West,Store,0
40,100.3,51.9,110,8,2.0,22.1,1,1,0,Monthly,West,Web,0
53,51.8,180.3,34,13,4.0,23.1,1,0,0,Monthly,South,Mobile,0
64,65.1,128.2,77,13,3.0,16.1,2,0,0,Monthly,East,Web,0
52,127.3,,93,9,1.0,30.2,2,1,0,Monthly,East,Store,0
44,130.2,148.2,68,8,5.0,27.9,5,1,0,Two-Year,North,Web,0
59,135.0,211.4,4,10,0.0,27.0,3,0,0,Monthly,South,Web,0
58,,131.4,79,8,2.0,10.6,4,0,0,Annual,South,Web,0
72,103.2,103.4,28,12,3.0,11.6,5,0,1,Monthly,East,Mobile,0
63,54.1,140.2,63,7,5.0,22.5,3,0,1,Monthly,North,Web,0
22,57.0,244.4,79,10,1.0,8.7,3,0,0,Monthly,South,Mobile,0
53,33.3,157.0,83,8,3.0,17.1,1,0,0,Two-Year,North,Web,0
59,92.9,147.1,35,11,0.0,18.4,6,0,0,Monthly,North,Store,0
73,99.5,123.5,65,10,4.0,14.7,1,0,0,,South,Partner,0
62,95.9,123.6,78,12,2.0,23.1,3,1,1,Annual,East,Web,0
49,68.2,82.1,32,7,2.0,22.6,4,0,0,Annual,South,Web,0
20,66.7,110.2,11,13,1.0,17.5,6,0,1,Annual,West,Web,0
30,106.6,148.8,57,11,2.0,13.3,4,1,0,Monthly,East,Mobile,0
62,47.8,72.7,62,6,2.0,22.7,6,1,0,Annual,East,Mobile,0
49,84.2,129.4,39,19,0.0,18.0,3,0,0,Monthly,South,Web,0
57,115.0,74.5,52,12,1.0,11.3,3,0,1,Monthly,East,Partner,0
32,94.1,92.2,101,10,3.0,22.8,1,1,0,Monthly,South,Web,0
63,90.4,115.5,11,11,2.0,30.8,5,1,0,Monthly,North,Web,1
22,93.5,139.7,36,8,0.0,11.3,5,0,0,Monthly,East,Web,0
74,92.4,133.9,31,8,2.0,7.4,3,1,0,Monthly,East,Mobile,0
61,74.1,215.6,73,11,2.0,13.2,4,0,0,Annual,East,Mobile,0
57,27.8,208.8,26,7,1.0,7.4,3,0,0,Annual,South,Mobile,0
33,22.1,128.1,66,12,0.0,10.1,4,1,0,Annual,South,Mobile,0
64,86.2,129.5,22,9,0.0,6.5,5,0,1,Monthly,North,Web,0
36,71.0,98.2,78,12,0.0,11.2,6,1,1,Monthly,North,,0
67,132.6,229.9,88,12,3.0,6.6,1,1,1,Monthly,North,Web,0
75,82.4,204.6,90,5,1.0,5.5,6,1,1,Monthly,West,Mobile,0
67,143.0,85.7,60,15,1.0,8.9,1,1,0,Annual,South,Mobile,0
41,53.2,,12,4,1.0,8.7,2,1,0,Annual,East,Mobile,0
70,121.6,213.9,69,10,3.0,10.3,1,1,1,Annual,West,Web,0
43,93.5,,102,11,1.0,19.1,5,0,0,Monthly,South,Partner,0
65,119.3,115.1,120,7,1.0,26.6,5,0,0,Monthly,South,Partner,0
71,53.2,194.9,61,11,,10.9,2,0,0,Monthly,West,Mobile,0
40,55.2,107.8,9,14,2.0,41.5,5,1,0,Two-Year,North,Web,0
63,62.7,260.1,24,9,4.0,25.8,3,1,0,Annual,North,Partner,0
75,124.0,159.9,29,6,1.0,4.1,1,1,0,Monthly,West,Partner,0
67,94.0,116.0,85,11,3.0,6.4,6,1,0,Monthly,West,Web,0
29,116.6,5.0,25,9,4.0,5.2,6,0,0,Two-Year,South,Web,0
45,46.2,185.1,92,12,0.0,18.1,6,1,1,Annual,West,Mobile,0
43,128.7,66.0,39,8,4.0,16.1,1,1,0,Monthly,West,Store,0
30,116.5,160.4,109,5,3.0,15.5,6,1,0,Monthly,West,Web,0
30,60.3,159.6,52,12,0.0,32.5,3,1,0,Monthly,South,Web,0
21,56.6,170.5,92,14,3.0,8.9,6,1,1,Two-Year,West,Mobile,0
58,76.9,56.1,70,10,1.0,18.6,1,0,0,Monthly,North,Partner,0
22,95.3,102.8,51,9,1.0,3.6,6,1,0,Monthly,West,Mobile,0
25,73.1,169.4,31,7,2.0,8.1,5,0,1,Two-Year,West,Web,0
25,97.4,173.3,45,8,1.0,4.1,2,1,1,Two-Year,West,Mobile,0
48,43.3,223.2,40,12,0.0,7.9,2,1,0,Annual,East,Web,0
33,118.3,100.7,22,12,1.0,4.6,4,0,0,Two-Year,North,Web,0
44,114.1,65.3,77,9,1.0,7.2,5,1,0,Annual,East,Web,0
63,105.1,52.4,39,17,0.0,26.0,4,1,0,Monthly,West,Mobile,0
38,47.4,146.7,45,10,1.0,25.0,3,0,0,Monthly,North,,0
31,107.5,199.9,112,9,0.0,1.9,2,1,0,Monthly,West,Web,0
22,45.0,112.6,82,8,4.0,9.7,4,1,1,Monthly,South,Web,0
42,120.0,107.4,16,11,2.0,3.6,4,1,0,Monthly,North,Web,0
65,,185.9,86,13,0.0,13.2,4,0,1,Two-Year,East,Store,0
44,72.1,142.9,47,6,2.0,26.4,4,0,1,Two-Year,North,Mobile,0
33,103.4,125.8,120,7,1.0,23.0,4,1,1,Two-Year,South,Mobile,0
35,46.8,112.9,3,7,1.0,12.8,3,1,1,Two-Year,North,Store,0
18,20.8,145.7,115,12,1.0,26.0,6,0,0,Monthly,West,Web,0
28,62.4,123.6,64,10,2.0,8.6,6,0,0,,North,,0
23,63.7,168.8,117,9,1.0,4.5,1,1,0,Two-Year,East,Web,0
33,64.2,97.1,10,6,0.0,19.7,4,1,0,Monthly,South,Web,0
72,81.7,153.5,92,17,3.0,7.3,2,0,1,Two-Year,West,Mobile,0
67,75.6,96.4,80,11,2.0,12.7,1,1,0,Monthly,South,Web,0
61,79.5,70.4,67,9,1.0,42.2,1,0,0,Monthly,North,Web,0
75,51.5,182.4,73,12,0.0,9.5,1,0,0,Two-Year,North,Web,0
35,64.1,133.1,48,9,1.0,19.7,3,0,0,Monthly,South,Web,0
39,90.3,103.4,101,12,1.0,12.7,5,1,0,Annual,East,Partner,0
20,49.2,77.6,113,9,2.0,17.0,2,0,0,Annual,East,,0
44,43.0,117.2,83,9,4.0,5.4,2,0,0,Annual,North,Web,0
47,75.9,205.5,35,9,3.0,26.1,4,1,0,Annual,South,,0
37,144.6,153.1,12,12,1.0,6.5,5,0,0,Annual,North,Mobile,0
56,142.8,197.9,27,9,1.0,22.8,1,1,1,Monthly,North,Web,0
39,18.0,174.7,119,3,5.0,10.2,5,1,0,Monthly,West,Store,0
43,63.7,207.2,8,9,1.0,7.1,1,1,0,Monthly,North,Web,0
57,,149.9,116,9,0.0,2.9,2,1,1,Monthly,South,Mobile,0
58,73.2,184.4,78,6,1.0,17.0,2,1,1,Monthly,South,Partner,0
60,75.4,,83,8,2.0,20.7,5,0,0,Annual,North,Web,0
58,58.8,158.1,68,10,3.0,24.7,4,0,1,Two-Year,West,Web,0
36,70.9,30.0,104,10,3.0,16.1,5,1,0,Monthly,North,Store,0
31,42.1,190.3,57,7,2.0,6.1,3,1,0,Annual,West,Store,0
26,,288.3,5,8,1.0,25.7,4,0,0,Monthly,West,Web,1
36,43.5,126.5,4,9,1.0,4.0,1,0,0,Two-Year,North,Web,0
59,76.8,220.9,37,11,0.0,12.8,3,1,1,Monthly,West,Mobile,0
66,96.3,188.7,42,14,2.0,5.4,3,0,0,Two-Year,South,Mobile,0
43,147.8,127.9,107,11,2.0,19.2,3,1,0,Annual,West,Mobile,0
22,56.9,114.1,113,10,3.0,24.0,3,1,0,Two-Year,East,Web,0
71,106.6,170.1,24,12,1.0,10.4,4,1,0,Annual,North,Web,0
65,,149.2,35,11,2.0,23.2,4,1,1,Annual,West,Mobile,0
41,66.1,149.2,105,10,4.0,1.0,4,1,0,Monthly,West,Partner,0
53,97.8,133.0,33,12,4.0,23.2,3,0,1,Annual,East,Web,0
19,73.1,121.0,59,12,2.0,10.7,5,1,1,Two-Year,North,Web,0
41,54.3,90.2,6,7,2.0,25.0,6,0,0,Annual,South,Mobile,0
60,55.6,55.5,56,11,4.0,1.1,2,0,0,Monthly,North,Mobile,0
61,48.1,134.6,18,18,3.0,5.0,5,0,0,Annual,South,Web,0
75,45.1,,44,10,0.0,14.4,5,1,0,Monthly,South,Mobile,0
47,91.0,61.8,54,9,3.0,12.4,5,0,1,Monthly,East,Web,0
45,83.6,99.1,24,11,8.0,30.4,3,1,1,Monthly,East,Web,0
49,44.0,52.2,23,6,2.0,17.2,4,1,0,Monthly,East,Mobile,0
73,32.7,182.9,112,6,2.0,13.8,1,0,0,Two-Year,East,Mobile,0
25,105.9,198.7,28,12,,13.2,1,0,0,Annual,West,Partner,0
27,71.6,110.2,114,14,2.0,8.0,3,1,0,Monthly,West,Store,0
64,73.3,,55,10,2.0,31.8,4,1,0,Annual,South,Web,0
30,72.4,157.6,67,5,4.0,24.8,2,1,0,Monthly,West,Store,0
54,73.4,126.3,48,15,0.0,2.2,5,1,0,Two-Year,South,Store,0
37,50.0,169.7,46,16,0.0,24.3,3,1,1,,South,Partner,0
61,112.0,238.5,19,10,1.0,5.7,3,1,0,Monthly,West,Partner,1
41,109.7,195.2,99,10,0.0,32.5,4,1,0,,North,Web,0
27,81.6,184.5,67,10,0.0,5.1,4,0,1,Annual,West,Web,0
70,,241.2,64,10,1.0,8.1,1,0,1,Monthly,North,Mobile,0
18,78.7,70.2,102,12,4.0,18.7,5,0,1,Monthly,East,Web,0
74,78.8,159.1,88,16,1.0,5.1,5,1,0,Monthly,South,Mobile,0
20,96.2,49.2,118,10,3.0,8.3,4,1,0,Monthly,South,Web,0
47,92.1,235.9,88,9,2.0,27.7,2,1,0,Monthly,North,Mobile,0
70,114.1,180.4,118,7,1.0,7.1,3,1,0,Annual,West,Partner,0
58,71.6,135.9,19,7,2.0,9.1,2,1,0,Monthly,West,Web,0
30,18.0,115.0,4,7,6.0,34.2,5,0,0,Annual,East,Web,0
54,132.1,108.9,103,6,2.0,18.8,1,0,0,Annual,East,Web,0
30,136.5,124.8,117,15,4.0,8.5,2,0,0,Annual,North,Web,0
67,95.0,53.3,66,7,1.0,30.0,6,0,0,Annual,West,Store,0
21,29.9,112.5,16,4,2.0,7.7,6,1,0,Monthly,South,Web,0
24,103.1,111.3,102,12,0.0,22.0,1,1,0,Two-Year,South,Web,0
59,76.4,92.9,90,11,0.0,12.4,3,1,0,Two-Year,North,Mobile,0
50,41.2,110.4,109,6,0.0,9.1,3,0,1,Monthly,North,Web,0
61,99.6,125.5,77,14,2.0,8.4,5,0,0,Annual,South,Mobile,0
64,157.2,152.8,44,12,2.0,8.1,1,1,1,Two-Year,East,Web,0
22,82.5,184.8,88,11,3.0,69.9,4,0,0,Monthly,West,Web,0
62,77.5,118.2,107,14,1.0,11.1,2,1,0,Monthly,South,Mobile,0
39,45.4,31.2,2,10,0.0,15.3,6,0,1,Two-Year,South,Web,0
62,65.6,128.1,50,10,0.0,7.6,2,0,0,Monthly,North,Mobile,0
29,,96.6,66,10,5.0,2.2,4,1,1,Monthly,South,Web,0
74,69.4,139.4,16,1,0.0,26.8,1,1,0,Annual,South,Mobile,0
45,61.6,59.0,63,7,,4.9,5,1,0,Annual,North,Web,0
19,62.6,94.3,35,9,3.0,20.8,1,1,0,Monthly,East,Web,0
59,87.9,92.4,58,8,1.0,16.2,4,1,0,Monthly,North,Mobile,0
24,45.3,156.5,85,10,2.0,2.9,5,0,0,Annual,North,Partner,0
52,92.1,94.8,50,10,1.0,23.1,5,1,1,Annual,South,Mobile,0
26,53.7,94.0,90,8,1.0,9.1,6,1,0,Monthly,South,Mobile,0
30,97.7,120.7,66,14,0.0,16.4,5,0,1,Annual,North,Mobile,0
51,129.6,153.7,40,5,3.0,14.5,3,0,1,Monthly,East,Mobile,0
51,62.4,95.9,56,10,3.0,15.8,4,0,0,Monthly,North,Web,0
42,88.3,53.7,116,5,0.0,25.7,1,1,0,,West,Web,0
34,104.0,84.7,85,14,3.0,11.2,1,0,0,Two-Year,North,,0
21,98.9,135.6,35,9,2.0,4.9,4,0,0,Monthly,North,Web,0
37,94.1,152.1,39,10,2.0,14.1,1,1,0,Two-Year,North,Mobile,0
34,117.5,216.6,92,14,1.0,5.2,1,1,1,Monthly,East,Web,0
75,18.0,69.6,113,12,0.0,25.5,3,0,1,Monthly,East,Web,0
40,73.6,93.7,83,9,2.0,29.1,5,0,0,Monthly,West,Mobile,0
49,49.8,183.1,109,12,2.0,16.1,4,1,0,Monthly,North,Mobile,0
47,90.2,92.7,40,8,2.0,9.0,6,0,1,Monthly,West,Mobile,0
71,119.4,156.6,83,11,0.0,15.6,1,0,0,Monthly,West,Mobile,0
61,86.2,176.0,28,7,2.0,14.8,6,1,1,Annual,West,Mobile,0
50,61.8,127.1,77,6,0.0,19.7,4,0,0,Monthly,West,Mobile,0
46,96.8,174.1,94,17,1.0,23.0,3,1,0,Monthly,West,Web,0
70,149.7,228.4,106,8,1.0,12.3,1,1,1,Monthly,North,Mobile,0
65,71.9,176.5,72,17,4.0,15.0,1,1,0,Monthly,West,Web,0
58,73.8,173.9,31,12,3.0,14.3,1,1,0,Annual,East,Web,0
49,92.4,213.5,53,7,3.0,10.2,3,0,0,Annual,East,Web,0
24,75.3,209.7,33,6,1.0,3.1,2,1,0,Monthly,North,,0
38,107.8,222.9,40,17,,21.9,1,1,0,Monthly,West,Mobile,1
58,43.8,111.0,82,11,2.0,11.2,3,1,0,,East,Web,0
64,62.1,125.5,63,11,1.0,10.6,1,1,1,Monthly,North,Store,0
57,18.0,104.0,39,12,1.0,22.4,2,0,0,Monthly,East,Web,0
28,80.9,120.5,84,14,1.0,17.1,5,1,0,Two-Year,West,Store,0
30,85.3,67.7,56,7,3.0,4.6,4,0,0,Monthly,North,Mobile,0
69,56.5,79.3,68,14,4.0,18.2,3,0,0,Monthly,West,Web,0
38,52.4,128.0,84,9,2.0,5.9,3,0,1,Monthly,North,Store,0
57,86.6,47.8,87,18,0.0,9.5,1,0,0,Monthly,East,Web,0
29,159.8,103.1,63,7,2.0,8.8,2,0,0,Two-Year,East,Web,0
73,39.6,74.2,107,14,4.0,18.2,6,0,0,Monthly,South,Web,0
34,92.2,187.3,56,14,2.0,17.2,5,0,0,Monthly,South,Web,0
30,72.1,197.3,44,11,5.0,44.8,5,0,1,Two-Year,North,Mobile,0
33,18.0,164.6,15,9,3.0,9.2,2,1,1,Monthly,East,Web,0
31,105.2,177.2,1,8,4.0,19.8,4,0,1,Monthly,West,Store,0
23,82.1,214.5,19,5,2.0,42.3,2,0,0,Two-Year,West,Web,0
44,56.0,183.0,91,9,0.0,2.2,6,1,0,Annual,South,Mobile,0
51,74.8,165.9,91,5,3.0,4.5,4,1,0,Two-Year,North,Web,0
26,59.4,54.5,9,8,3.0,14.8,6,0,0,Annual,East,Mobile,0
44,119.5,45.4,76,11,0.0,3.2,4,1,0,Annual,North,,0
20,52.7,137.9,117,8,0.0,9.8,2,0,0,Monthly,North,Store,0
49,29.0,192.5,20,5,1.0,11.9,6,0,1,Monthly,South,Mobile,0
38,76.5,147.9,64,5,0.0,3.3,4,1,0,Monthly,West,Mobile,0
57,56.9,150.5,3,7,1.0,3.1,2,1,1,Annual,South,Store,0
61,130.9,72.2,102,7,2.0,20.5,1,0,1,Annual,South,Web,0
27,71.9,102.9,94,6,2.0,7.5,3,1,1,Annual,South,Web,0
69,117.9,217.5,47,10,1.0,8.7,5,0,1,Annual,North,Mobile,0
63,74.3,119.9,115,7,2.0,22.0,3,0,1,Monthly,West,Mobile,0
31,34.5,123.3,4,9,2.0,28.3,2,1,0,Monthly,North,Store,1
43,148.7,90.8,34,8,3.0,17.9,4,0,0,Two-Year,South,Web,0
72,58.6,228.8,105,9,3.0,22.3,5,0,0,Two-Year,East,Web,0
69,63.7,88.5,84,10,2.0,3.3,2,0,0,Annual,North,Partner,0
22,117.3,180.6,88,15,1.0,13.6,1,1,0,Annual,East,Web,0
69,116.1,60.0,48,7,2.0,17.5,3,0,0,,North,Web,0
22,96.1,31.9,34,12,3.0,19.1,5,1,1,Annual,South,Web,0
37,93.8,147.4,39,12,2.0,7.2,4,1,0,Monthly,South,Web,0
58,137.8,113.9,90,7,2.0,10.9,3,0,0,Annual,West,Store,0
65,129.3,199.5,21,11,3.0,20.6,1,1,1,Monthly,East,Mobile,0
21,107.7,175.3,118,12,1.0,11.3,4,0,0,Monthly,East,Mobile,0
73,85.0,206.6,57,15,1.0,19.8,3,1,1,Annual,South,Mobile,0
74,18.0,,1,15,0.0,47.1,2,0,1,Monthly,West,Web,0
40,90.6,131.9,36,9,3.0,17.7,6,1,1,Annual,East,Web,0
33,65.3,131.1,32,4,2.0,8.8,4,0,0,Annual,South,Web,0
24,134.2,263.5,13,15,1.0,7.1,5,0,1,Annual,South,Store,0
25,75.6,114.2,114,10,3.0,17.0,5,0,1,Monthly,South,Store,0
21,72.7,208.1,46,12,2.0,35.7,5,1,0,Monthly,West,Web,1
62,70.4,42.1,58,11,1.0,7.4,1,1,0,Annual,East,Store,0
42,97.6,23.1,110,10,2.0,3.9,6,1,0,Monthly,North,Web,0
42,69.9,136.9,18,10,2.0,10.9,2,1,0,Monthly,West,Web,0
33,100.2,90.5,29,6,1.0,11.2,2,0,0,Monthly,East,Web,0
70,121.8,18.4,82,5,1.0,5.6,2,1,0,,South,Web,0
48,85.0,242.9,38,9,2.0,32.4,3,1,0,Two-Year,South,Web,0
46,103.8,206.5,81,11,0.0,23.2,6,1,0,Monthly,South,Mobile,0
40,101.4,200.5,103,7,0.0,11.2,4,1,0,Monthly,North,Mobile,0
18,101.9,150.8,6,8,1.0,7.8,3,1,0,Monthly,South,Web,0
27,34.7,,28,11,2.0,8.6,6,0,0,Monthly,West,Partner,0
27,57.6,96.9,120,12,2.0,25.9,4,0,0,Annual,East,Store,0
42,92.5,156.8,6,11,2.0,8.8,1,1,0,Monthly,North,Web,0
23,94.4,158.9,25,11,3.0,9.0,2,1,0,Monthly,West,Mobile,0
70,84.5,217.8,93,10,1.0,25.0,4,0,0,Monthly,West,Mobile,0
28,18.0,178.5,103,4,,30.8,6,0,1,Monthly,South,Web,0
51,50.5,99.0,11,8,2.0,35.4,2,0,1,Monthly,North,Web,1
33,20.1,95.6,20,13,1.0,15.3,5,1,0,Monthly,South,Web,0
23,130.5,232.3,40,4,2.0,20.4,3,1,0,Monthly,West,Web,0
22,32.3,94.7,4,6,2.0,1.9,3,1,0,Monthly,South,Mobile,0
45,83.0,89.0,109,6,2.0,17.2,1,0,1,Annual,South,Mobile,0
68,103.8,155.2,68,10,3.0,3.5,6,0,0,Monthly,West,Store,0
60,52.3,51.7,93,11,5.0,3.5,3,1,0,Monthly,North,Mobile,0
57,40.2,59.2,92,9,2.0,25.2,3,1,0,Two-Year,South,Store,0
54,74.2,180.7,25,9,1.0,35.1,3,0,0,Monthly,West,Web,0
43,18.0,171.7,3,11,0.0,9.6,2,0,0,,North,Web,0
58,75.0,165.1,13,12,3.0,50.2,6,0,1,Annual,North,Mobile,0
70,58.4,270.1,119,11,0.0,36.3,3,1,0,Monthly,West,Store,0
48,89.9,183.6,16,11,2.0,28.9,2,0,1,Monthly,West,Store,0
53,18.0,203.0,102,13,3.0,10.6,5,0,0,Annual,East,Web,0
29,97.5,78.8,96,4,2.0,32.3,5,0,1,Monthly,West,Web,0
57,107.8,123.9,77,6,2.0,20.2,6,0,0,Annual,North,Mobile,0
24,52.0,86.3,71,8,1.0,5.9,3,0,0,Monthly,South,Web,0
59,89.4,155.9,112,10,3.0,17.1,5,0,0,Monthly,East,Mobile,0
75,76.5,164.1,62,11,1.0,18.0,5,1,0,Monthly,South,Mobile,0
43,125.8,115.8,57,17,2.0,14.5,5,0,0,Monthly,North,Store,0
48,101.0,,20,9,1.0,22.1,4,0,1,Monthly,North,Store,0
35,75.9,177.9,105,8,0.0,7.7,2,0,0,Annual,South,Web,0
61,26.5,158.8,49,13,2.0,7.9,4,0,1,Annual,South,Store,0
69,37.7,177.1,66,6,0.0,26.6,6,0,0,Monthly,North,Web,0
27,64.1,134.1,61,17,3.0,3.1,3,0,1,Two-Year,South,Store,0
39,52.9,101.0,100,8,2.0,7.8,3,1,0,Monthly,North,Mobile,0
39,58.1,84.9,5,12,2.0,21.0,3,0,1,Monthly,South,Mobile,0
43,112.2,91.5,86,9,3.0,21.3,1,0,1,Two-Year,West,Mobile,0
19,83.7,173.3,120,8,0.0,13.7,1,0,0,Monthly,North,Web,1
34,108.6,167.1,9,9,2.0,18.0,2,0,0,Annual,West,Partner,0
46,,,10,7,2.0,13.8,2,0,0,Two-Year,South,Mobile,0
50,74.3,146.5,59,16,0.0,11.6,1,0,0,Monthly,East,Web,0
62,57.6,54.4,4,13,1.0,8.7,5,1,0,Monthly,West,Store,0
49,42.3,146.1,83,12,1.0,5.2,1,1,1,Annual,North,Partner,0
20,82.6,157.4,19,5,0.0,14.5,2,0,0,Monthly,East,Store,0
43,120.3,86.2,37,10,2.0,16.3,6,1,0,Monthly,South,Web,0
43,76.1,165.4,48,7,2.0,26.3,6,1,0,Annual,West,Web,0
38,100.5,83.3,61,7,0.0,33.4,3,1,0,Monthly,West,Store,0
34,48.5,171.7,42,14,2.0,28.8,6,0,0,Annual,West,Web,0
49,68.3,144.6,6,12,4.0,22.5,3,1,0,Monthly,South,Web,0
44,77.4,188.7,44,11,2.0,11.4,1,1,0,Monthly,West,Web,0
40,84.9,187.1,65,11,5.0,17.9,5,1,0,Monthly,East,Partner,0
75,76.8,221.8,119,12,1.0,27.3,5,0,0,Monthly,South,Partner,0
63,77.4,118.0,13,13,1.0,17.2,3,0,0,Annual,West,Mobile,0
26,71.3,187.1,11,10,0.0,10.1,5,1,0,Annual,North,Mobile,0
26,93.2,123.9,34,14,1.0,5.5,6,0,0,Monthly,South,Web,0
34,90.2,143.8,52,10,1.0,35.7,2,1,1,Annual,West,Store,0
59,,134.8,3,3,0.0,10.5,5,1,0,Monthly,East,Web,0
30,53.2,92.4,15,9,3.0,32.5,4,0,0,Two-Year,East,Web,0
30,55.2,151.2,73,10,1.0,26.5,5,0,0,Monthly,South,Mobile,0
75,129.1,207.1,27,14,1.0,2.7,2,1,1,Annual,East,Web,0
72,87.9,125.3,8,14,0.0,21.2,5,1,0,Monthly,South,Web,0
58,105.7,200.7,34,9,3.0,56.9,5,0,1,Monthly,North,Mobile,0
40,102.7,5.0,116,6,2.0,18.9,3,1,0,Monthly,West,Web,0
55,80.9,230.1,99,12,1.0,15.3,6,1,0,Two-Year,East,Partner,0
36,88.3,76.8,51,12,1.0,4.3,1,1,0,Two-Year,East,Store,0
18,90.6,165.6,76,11,0.0,6.6,1,0,0,Two-Year,North,Store,0
70,32.9,219.4,61,13,1.0,12.7,5,0,0,Monthly,South,Store,0
75,90.9,60.2,120,9,2.0,26.2,6,1,0,Monthly,West,Web,0
20,57.8,161.4,4,8,2.0,29.6,6,0,0,Monthly,East,Web,0
50,56.0,215.2,28,11,2.0,36.0,5,0,0,Monthly,West,Store,1
74,86.7,146.9,114,10,3.0,39.7,1,0,0,Annual,South,Web,1
65,161.6,134.5,14,9,2.0,44.0,6,1,0,Annual,West,Web,1
71,27.4,,26,14,4.0,28.5,5,1,0,Annual,North,Web,0
64,18.0,154.6,113,11,0.0,44.2,5,0,0,Monthly,West,Store,0
56,81.1,171.4,95,7,1.0,10.2,4,0,0,Annual,West,Store,0
47,18.1,171.4,41,16,3.0,13.2,2,0,0,Annual,South,Partner,0
51,73.7,106.2,42,9,1.0,29.1,2,0,0,Monthly,East,Store,0
19,18.0,,6,11,4.0,8.8,6,0,1,Monthly,South,Store,0
48,91.5,190.9,61,7,3.0,24.1,3,1,0,Monthly,North,Web,0
19,76.2,220.8,9,15,1.0,7.1,5,0,0,Monthly,South,Mobile,0
22,50.2,,36,9,5.0,14.8,3,1,0,Two-Year,East,Web,0
66,114.5,124.0,22,14,4.0,31.0,1,0,1,Two-Year,East,Web,0
23,83.7,167.1,44,6,1.0,3.0,6,1,0,Monthly,East,Mobile,0
50,96.9,196.0,48,5,0.0,1.5,3,0,0,Monthly,North,Mobile,0
58,42.8,150.7,91,11,2.0,16.0,2,1,0,Monthly,West,Web,0
19,89.2,149.1,41,10,4.0,15.9,3,0,1,Annual,South,Web,0
73,,192.0,55,9,4.0,20.1,2,1,1,Monthly,North,Web,0
41,149.3,168.8,21,15,2.0,11.8,1,1,0,Monthly,North,Web,0
47,105.8,201.0,14,8,3.0,31.9,3,0,1,Monthly,West,Web,1
72,83.5,147.1,118,8,,14.7,1,0,0,Monthly,West,Web,1
18,110.8,130.4,108,8,0.0,13.5,4,0,0,Monthly,South,Web,0
25,82.8,126.0,100,9,1.0,22.1,6,1,0,Annual,South,,0
66,72.6,75.7,34,9,0.0,13.6,3,0,0,Two-Year,East,Mobile,0
36,82.6,172.1,104,13,0.0,17.8,6,0,1,Monthly,South,Web,0
66,24.1,113.2,68,9,1.0,25.3,2,0,0,Annual,North,Web,0
71,64.7,224.8,19,8,3.0,17.2,3,1,1,Annual,South,Web,0
37,84.8,91.6,86,15,3.0,18.0,4,1,0,Monthly,North,Web,0
18,56.0,141.0,83,16,1.0,29.6,4,1,0,Two-Year,West,Web,0
57,140.8,96.4,44,9,0.0,10.2,5,1,0,Monthly,South,Web,0
64,67.2,138.5,38,11,2.0,15.1,3,1,0,Monthly,North,Mobile,1
26,85.6,84.4,63,9,4.0,29.4,3,0,0,Monthly,North,Web,0
32,137.6,83.6,83,8,1.0,35.8,6,1,0,Monthly,East,Store,0
27,101.9,133.7,101,9,2.0,3.0,2,0,1,Two-Year,East,Mobile,0
52,142.4,173.0,62,9,3.0,4.9,6,1,1,Monthly,West,Web,0
59,82.8,228.6,69,8,0.0,3.6,1,1,0,Monthly,West,Mobile,0
19,32.6,221.3,80,13,3.0,16.4,5,1,1,Monthly,South,Store,0
47,18.0,72.3,58,10,2.0,10.9,1,1,0,Monthly,North,Web,0
60,40.5,122.9,111,8,0.0,18.9,3,0,0,Monthly,South,Store,0
52,84.5,251.7,82,11,1.0,29.9,2,1,0,Monthly,North,Store,0
75,106.1,111.3,92,6,0.0,13.0,5,1,0,Annual,West,Partner,0
48,108.0,125.5,45,9,2.0,18.5,2,0,0,Monthly,South,Store,0
71,38.0,111.0,25,9,2.0,19.4,2,0,1,Monthly,North,Web,0
72,57.6,170.9,81,9,2.0,26.4,5,0,1,Annual,East,Web,0
28,91.5,194.1,117,8,1.0,18.6,4,0,1,Monthly,North,Web,0
63,18.0,148.7,12,12,3.0,20.6,3,0,1,Monthly,North,Web,0
54,50.7,103.3,68,9,2.0,10.8,4,0,0,Two-Year,North,Partner,0
70,84.5,188.1,82,8,2.0,19.9,4,1,0,Monthly,South,Store,0
32,82.9,150.7,88,11,2.0,27.3,2,0,0,Monthly,West,Web,0
34,105.7,68.6,89,5,4.0,10.6,3,1,1,Monthly,South,Store,0
41,80.7,90.8,41,17,1.0,16.3,3,0,0,Annual,East,Store,0
74,,210.0,104,11,1.0,7.8,6,1,1,Two-Year,South,Web,0
75,50.4,219.1,53,19,1.0,8.0,1,0,0,Two-Year,North,Web,0
65,86.7,139.7,54,8,3.0,25.0,1,1,0,Annual,East,Partner,0
20,68.9,184.5,9,6,4.0,10.7,6,1,1,Monthly,West,Store,1
23,100.6,193.0,28,10,4.0,9.5,3,0,0,Monthly,East,Store,0
57,36.7,122.0,79,9,2.0,33.0,6,1,0,Monthly,North,Mobile,0
23,131.3,125.3,62,13,1.0,28.3,5,1,0,Monthly,West,Partner,0
74,56.3,166.5,72,8,3.0,8.3,3,1,0,Annual,West,Store,0
29,65.4,180.7,6,7,1.0,17.5,2,1,0,Monthly,East,Web,0
72,99.2,87.6,93,9,1.0,9.0,6,1,1,Monthly,North,,0
37,97.1,125.9,25,15,2.0,5.0,4,1,1,Annual,East,Web,0
33,93.9,181.3,99,9,4.0,19.5,4,1,0,Monthly,South,Store,0
30,59.4,224.6,68,3,1.0,12.0,6,0,0,Monthly,South,Mobile,0
62,18.0,126.6,42,6,0.0,5.9,3,0,1,Two-Year,North,Store,0
21,72.3,100.3,23,10,,18.6,4,0,1,,North,Partner,0
52,98.8,112.6,110,13,2.0,9.2,6,0,1,Two-Year,North,Web,0
43,90.8,117.4,55,9,1.0,11.3,6,0,0,Two-Year,East,Store,0
49,106.2,133.8,18,5,3.0,18.6,3,0,1,Two-Year,West,Store,0
33,,67.5,58,13,1.0,18.9,1,1,1,Monthly,North,Mobile,0
21,53.9,183.6,97,10,2.0,3.7,5,0,0,Two-Year,West,Mobile,0
44,41.5,23.6,26,11,0.0,6.3,1,0,0,Monthly,North,Web,0
36,95.0,49.3,28,15,2.0,11.9,2,1,0,Two-Year,East,Web,0
63,84.4,106.6,64,11,4.0,4.5,6,1,0,Annual,South,Mobile,0
37,76.1,172.6,58,11,3.0,18.0,2,1,0,Monthly,North,Mobile,0
36,75.5,97.3,101,8,2.0,20.8,4,0,1,Monthly,West,Store,0
40,69.3,160.0,36,8,1.0,14.4,3,0,0,Two-Year,West,Mobile,0
20,65.5,143.5,29,10,0.0,14.2,4,1,0,Monthly,North,Web,0
46,97.7,46.3,60,1,4.0,17.3,2,1,0,Annual,North,Store,0
66,54.5,208.1,120,4,0.0,20.0,6,0,0,Annual,West,Web,0
47,123.5,131.4,45,9,0.0,1.8,4,1,0,Monthly,South,Mobile,0
46,123.4,143.9,57,10,5.0,14.2,4,1,0,Monthly,West,Web,0
46,129.6,61.9,26,8,4.0,17.8,6,0,0,Annual,West,Web,0
32,115.1,133.7,110,5,1.0,8.5,4,0,0,Monthly,West,Mobile,0
24,60.5,188.4,62,11,3.0,4.8,2,1,0,Annual,West,Mobile,0
71,106.1,126.7,32,6,2.0,5.6,3,1,0,Annual,North,Store,0
63,74.8,91.9,21,13,1.0,22.3,4,0,1,Monthly,North,Web,0
60,81.5,,120,5,2.0,20.3,6,0,0,Annual,North,Mobile,0
21,91.9,138.4,69,14,1.0,17.8,6,0,0,Annual,South,Web,0
42,71.3,189.2,61,9,0.0,22.2,2,1,0,Monthly,North,Partner,0
18,78.0,201.8,52,11,2.0,6.1,1,1,0,Annual,South,Web,0
38,100.2,204.9,12,13,0.0,15.1,4,1,0,Two-Year,West,Web,0
23,106.5,142.6,30,7,3.0,11.9,2,0,0,Two-Year,North,Web,0
22,101.7,237.2,37,7,1.0,7.7,6,1,0,Annual,West,Web,0
44,154.1,30.7,52,3,0.0,9.9,5,1,1,Monthly,East,Web,0
34,141.9,175.7,66,11,1.0,11.5,3,1,1,Annual,West,Mobile,0
74,81.0,122.2,37,7,3.0,12.1,4,0,1,Annual,South,Web,0
59,82.2,43.1,90,11,0.0,8.7,4,1,0,Monthly,North,Web,0
38,90.9,87.5,78,11,0.0,12.2,6,1,0,Annual,North,Web,0
22,97.5,153.1,72,8,2.0,31.9,1,0,1,Annual,East,Web,0
55,126.6,154.2,84,4,1.0,8.4,5,1,1,Monthly,South,Web,0
39,57.5,118.2,60,11,3.0,9.7,1,1,0,Monthly,South,Mobile,0
39,60.0,154.2,30,8,0.0,21.9,4,0,0,Annual,South,Web,0
52,74.8,110.1,61,6,1.0,9.6,4,1,0,Monthly,East,Mobile,0
41,169.1,177.6,35,8,2.0,9.6,6,1,1,Annual,West,Mobile,0
60,118.2,157.7,43,8,4.0,32.8,4,0,1,Annual,North,Store,0
68,30.5,79.8,3,14,1.0,31.1,2,0,0,Monthly,South,Web,0
61,81.9,150.3,99,11,1.0,15.0,6,1,0,Annual,West,Store,0
74,23.1,186.1,114,10,,3.2,4,0,0,Two-Year,East,Mobile,0
34,91.2,101.4,106,12,3.0,9.0,5,1,0,Monthly,North,Web,0
35,72.6,62.6,10,15,2.0,25.0,1,1,1,,North,Partner,0
37,118.3,114.6,94,6,1.0,12.4,4,0,0,Annual,North,Web,0
29,118.7,175.7,81,7,1.0,22.2,2,0,0,Monthly,West,Mobile,0
27,129.9,115.4,46,9,1.0,7.3,3,0,0,Annual,West,Store,0
29,89.6,177.7,62,10,1.0,7.0,6,0,0,Annual,West,Web,0
60,,53.9,69,6,0.0,7.9,1,0,0,Monthly,North,Mobile,0
47,114.7,87.3,79,12,3.0,10.9,4,1,0,Monthly,North,Mobile,0
33,99.0,164.3,63,15,2.0,51.5,3,1,0,Monthly,East,Web,0
56,55.4,155.7,44,8,0.0,22.1,2,1,0,Annual,West,Mobile,0
45,51.8,125.5,51,10,0.0,14.9,4,1,0,Two-Year,South,Mobile,0
18,94.9,104.6,96,10,3.0,7.2,6,1,0,Monthly,South,Web,0
70,30.1,189.2,43,6,2.0,1.0,1,0,0,Annual,North,Web,0
39,129.4,126.5,27,11,2.0,3.7,2,1,0,Two-Year,South,Web,0
18,51.4,227.4,56,13,2.0,29.0,1,0,0,Annual,South,Web,0
28,115.6,139.4,75,12,0.0,7.9,3,0,1,Annual,West,Web,0
67,72.9,141.3,117,14,,5.7,3,1,1,Annual,South,Store,0
55,33.0,112.4,106,12,5.0,17.8,6,1,1,Monthly,East,Web,0
60,86.6,201.8,7,20,1.0,1.9,6,1,0,Annual,North,Web,0
37,69.3,65.8,118,19,1.0,21.6,4,1,1,Monthly,North,Web,0
55,38.9,182.5,61,13,0.0,5.4,4,1,0,Monthly,South,Mobile,0
35,111.2,120.1,92,6,0.0,11.6,2,1,0,Annual,West,Web,0
41,81.9,74.7,108,9,3.0,16.7,1,0,1,Annual,South,Web,0
27,76.5,151.6,14,10,0.0,30.6,2,0,1,Monthly,North,Mobile,1
54,,91.9,38,11,1.0,20.4,6,1,1,Two-Year,North,Web,1
53,33.9,213.2,59,10,2.0,6.1,4,0,1,Monthly,West,Web,0
73,125.0,108.6,53,8,1.0,21.4,4,0,0,Annual,North,Web,0
56,100.1,78.3,9,10,3.0,17.1,4,1,0,Monthly,South,Store,0
23,90.6,71.8,109,4,2.0,8.8,3,1,0,Annual,West,Web,0
33,18.0,226.1,90,8,4.0,29.9,6,0,0,Monthly,South,Partner,0
21,93.8,152.0,120,9,0.0,18.6,6,1,0,Annual,West,Web,0
34,68.5,114.2,99,9,,13.3,3,1,1,Monthly,East,Store,0
37,127.1,178.2,49,12,2.0,4.4,1,1,0,Monthly,North,Web,0
72,76.2,137.0,18,5,2.0,11.2,6,1,0,Annual,North,Store,0
23,35.0,137.7,97,9,3.0,4.5,4,0,1,Monthly,South,Mobile,0
47,61.5,194.5,31,8,4.0,9.5,6,0,1,Two-Year,South,Mobile,0
71,64.4,181.1,20,9,3.0,22.2,5,1,0,Two-Year,East,Store,0
35,89.2,51.4,58,10,2.0,8.9,2,1,0,Two-Year,West,Web,0
63,,143.2,68,7,1.0,16.2,1,1,1,Monthly,South,Web,0
37,112.0,188.6,110,4,2.0,8.8,2,1,0,Monthly,West,Mobile,0
27,101.0,158.1,69,10,3.0,10.3,6,0,0,Monthly,South,Mobile,0
51,61.0,148.8,27,14,1.0,25.4,6,0,0,Annual,West,Store,0
39,135.9,25.1,89,10,4.0,18.9,2,0,0,Monthly,East,Mobile,0
18,86.5,199.9,109,10,3.0,9.0,2,1,0,Monthly,East,Web,0
42,48.0,102.3,11,11,0.0,17.8,4,0,0,Monthly,West,Web,0
41,60.6,141.3,106,10,0.0,23.3,1,0,1,Monthly,North,Web,0
73,120.1,187.3,96,12,3.0,19.4,6,1,1,Monthly,South,Web,0
67,117.6,199.7,84,11,2.0,18.8,4,0,1,Monthly,North,Web,0
37,105.3,97.5,72,13,1.0,21.1,6,1,0,Annual,West,Web,0
60,49.6,164.4,25,7,3.0,2.4,3,1,0,Monthly,East,Store,0
45,55.8,116.8,66,6,1.0,15.8,1,1,0,Annual,North,Mobile,0
70,63.9,136.3,55,10,4.0,47.3,5,0,0,Two-Year,South,Web,0
48,125.5,145.3,34,11,2.0,11.0,6,1,0,Monthly,East,Web,0
22,78.0,201.3,18,11,1.0,12.6,4,0,0,Two-Year,South,Mobile,0
63,98.6,115.9,3,14,3.0,29.6,1,1,0,Two-Year,North,Mobile,0
56,31.9,230.0,70,13,2.0,13.1,2,0,0,Monthly,West,Web,0
68,18.0,160.7,20,11,0.0,12.0,4,0,0,Annual,East,Web,0
59,75.9,12.4,22,10,1.0,7.4,2,0,0,Annual,North,Store,0
56,93.9,138.5,109,12,1.0,3.0,6,0,0,Monthly,North,Mobile,0
38,82.9,46.6,13,11,1.0,14.6,4,0,1,Monthly,East,Web,0
39,89.9,160.0,120,10,2.0,12.9,1,1,1,Monthly,East,Store,0
40,72.4,141.3,108,14,2.0,8.3,6,1,0,Annual,North,Mobile,0
31,84.5,141.9,51,17,4.0,32.4,4,1,0,Monthly,South,Mobile,0
59,91.4,263.8,115,15,,17.0,6,1,0,Annual,East,Mobile,0
41,67.4,119.6,56,11,1.0,20.2,5,1,0,Monthly,East,Store,0
73,39.6,164.6,95,12,1.0,14.4,5,0,1,Monthly,West,Web,0
51,69.2,314.0,73,10,2.0,25.0,2,1,1,Monthly,West,Web,0
35,116.6,202.6,97,5,4.0,3.9,2,1,0,Monthly,East,Store,0
62,18.0,157.6,61,11,5.0,17.2,1,1,0,Monthly,South,Mobile,0
44,58.7,169.4,114,11,4.0,6.4,5,0,0,Monthly,South,Mobile,0
73,77.9,131.6,1,8,3.0,4.0,5,1,1,Annual,North,Mobile,0
64,34.8,188.2,2,10,0.0,18.6,6,0,0,Annual,North,Mobile,0
68,125.8,77.2,33,8,1.0,15.9,6,1,0,Monthly,South,Partner,0
74,72.4,151.1,37,13,1.0,5.8,5,1,1,Annual,North,Store,0
63,87.5,102.4,106,8,4.0,41.2,2,0,0,Monthly,South,Mobile,0
72,54.3,168.2,13,9,2.0,14.1,2,1,0,Monthly,West,Store,0
70,,215.4,12,10,0.0,29.2,2,1,0,Monthly,North,Web,0
26,74.5,69.5,81,8,2.0,49.4,5,1,0,Annual,West,Web,0
58,63.7,144.3,86,10,0.0,2.9,4,1,0,Monthly,West,Mobile,0
50,61.4,166.5,105,12,3.0,13.8,4,1,0,Annual,South,Web,0
72,50.3,108.7,34,8,0.0,29.3,4,0,0,Monthly,West,Mobile,0
61,95.8,152.5,101,9,2.0,15.9,1,0,1,Monthly,East,Store,0
47,33.4,184.4,82,9,3.0,13.1,6,0,0,Monthly,South,Store,0
54,113.0,156.3,28,18,2.0,25.2,4,0,0,Annual,North,Partner,0
23,89.1,116.0,4,17,1.0,30.4,4,0,1,Monthly,East,Web,0
38,70.9,197.6,95,10,1.0,25.8,4,0,1,Monthly,South,Web,0
60,95.8,231.4,16,6,1.0,4.6,2,0,1,Monthly,North,Mobile,1
42,,152.2,54,11,1.0,48.8,1,1,0,Monthly,West,Web,0
73,72.6,202.4,25,9,1.0,10.7,4,1,0,Annual,East,Web,0
56,44.8,160.8,40,10,1.0,11.7,5,1,0,Monthly,South,Mobile,0
19,75.8,73.0,120,6,2.0,14.6,4,0,0,Annual,West,Web,0
27,58.5,188.9,68,18,0.0,14.4,6,1,0,Annual,South,Web,0
54,42.9,206.6,106,10,1.0,16.2,1,1,0,Monthly,South,Web,0
64,46.2,212.8,88,16,2.0,8.3,6,1,0,Annual,West,Web,0
35,86.5,136.6,79,10,1.0,16.0,2,1,0,Monthly,North,Store,0
40,54.7,291.4,74,13,2.0,10.4,1,0,0,Two-Year,North,Web,0
41,40.5,177.8,65,10,1.0,11.4,2,0,1,Annual,South,Web,0
32,80.7,143.6,46,9,3.0,47.7,3,1,1,Annual,North,Partner,1
71,88.8,75.1,109,11,5.0,29.6,4,0,1,Monthly,North,Partner,0
47,73.1,94.5,90,11,,12.4,2,1,0,Monthly,North,Mobile,0
37,38.0,107.3,77,12,2.0,21.2,4,1,0,Two-Year,East,Web,0
72,111.3,72.1,84,14,3.0,10.7,2,1,1,Annual,West,Partner,0
54,75.6,237.8,49,8,4.0,16.8,4,0,1,Annual,East,Web,0
18,119.8,184.3,102,9,3.0,0.4,4,1,0,Annual,North,Mobile,0
42,73.9,25.4,74,9,5.0,34.1,2,1,1,Monthly,North,Web,0
57,105.1,144.1,79,6,6.0,37.0,6,1,0,Monthly,South,Store,1
71,27.4,157.5,110,9,4.0,27.1,1,0,0,Annual,North,Web,0
47,66.2,143.9,33,9,4.0,3.8,3,1,0,Monthly,East,Mobile,0
39,63.6,,94,10,2.0,13.6,3,0,0,Annual,East,Web,0
36,130.1,104.3,55,17,0.0,6.8,3,0,0,Monthly,North,Mobile,0
23,60.1,233.6,51,9,1.0,15.2,2,1,0,Annual,West,Store,0
23,40.0,135.4,107,15,1.0,18.2,4,1,0,Annual,South,Mobile,0
42,61.1,265.6,53,10,1.0,14.3,2,0,0,Annual,South,Partner,0
63,54.6,5.0,99,6,4.0,25.8,6,1,1,Two-Year,South,Store,0
41,76.3,153.5,46,12,5.0,22.0,1,0,1,Monthly,South,Mobile,0
26,47.3,253.9,51,6,1.0,16.6,3,0,0,Monthly,East,Web,0
69,48.5,174.2,45,8,1.0,9.9,5,1,0,Two-Year,South,Mobile,0
65,99.6,76.7,37,12,2.0,19.6,2,1,0,Monthly,South,Store,0
37,18.0,43.2,32,12,0.0,12.1,4,1,0,Monthly,West,Web,0
37,98.6,97.0,27,6,1.0,22.3,2,0,0,Monthly,North,Web,0
35,106.1,73.9,42,7,2.0,5.5,5,0,1,Monthly,South,Web,0
26,105.9,,117,9,5.0,4.9,1,0,1,Annual,South,Store,0
41,27.5,234.8,119,8,1.0,13.5,1,1,0,Two-Year,North,Web,0
45,32.8,140.1,115,11,1.0,2.6,3,1,1,Monthly,South,Web,0
58,73.2,89.4,17,3,3.0,6.5,5,0,1,Monthly,North,Web,0
28,78.8,77.4,60,8,2.0,11.8,4,1,1,Monthly,North,Mobile,0
42,30.1,63.9,42,8,4.0,3.6,2,0,1,Monthly,West,Web,0
18,110.4,170.7,78,9,0.0,31.6,2,1,0,Monthly,North,Web,0
48,127.8,155.8,93,9,1.0,12.2,4,0,0,Monthly,North,Web,0
42,58.3,95.8,102,12,2.0,12.0,1,0,0,Annual,South,Partner,0
59,66.8,233.6,19,13,0.0,39.0,6,1,0,Monthly,North,Mobile,0
51,131.2,,75,17,6.0,29.8,3,1,1,Annual,South,Mobile,0
19,87.1,104.6,22,17,2.0,14.2,2,0,0,Monthly,West,Mobile,0
25,86.6,151.8,15,6,0.0,27.4,6,0,0,Annual,East,Web,0
25,82.9,80.7,68,11,1.0,7.0,4,1,1,Monthly,North,,0
65,,163.8,72,11,1.0,35.3,2,1,1,Monthly,South,Store,0
60,46.7,61.5,34,9,2.0,33.1,5,1,0,Annual,West,Store,0
27,117.0,93.4,26,7,1.0,22.8,3,1,1,Monthly,West,Mobile,0
70,42.8,227.6,3,8,4.0,35.3,5,0,0,Annual,South,Mobile,0
48,110.3,149.1,98,8,2.0,18.7,4,1,0,Two-Year,South,Mobile,0
68,96.5,162.8,72,14,1.0,52.1,4,1,1,Two-Year,South,Store,0
29,50.9,110.8,92,16,2.0,30.2,1,0,0,Annual,South,Web,0
59,100.5,185.9,43,15,0.0,7.0,6,1,0,Two-Year,West,Mobile,0
55,93.3,133.2,9,9,2.0,24.6,1,0,1,Annual,West,Store,0
74,135.0,83.1,41,10,1.0,17.0,5,0,0,Annual,South,Mobile,0
42,82.6,224.1,34,11,5.0,31.0,6,0,0,Annual,North,Web,0
67,82.5,157.2,48,11,0.0,17.2,2,1,0,Monthly,West,Store,0
21,44.4,201.7,5,6,6.0,32.1,6,0,0,Annual,East,Partner,0
58,135.8,127.9,110,9,3.0,5.0,2,0,0,Annual,South,Store,0
50,18.0,92.2,44,8,2.0,37.4,1,0,0,Monthly,East,Mobile,0
55,81.6,165.6,99,6,2.0,26.8,1,1,0,Monthly,West,Partner,0
64,89.0,167.0,50,9,2.0,8.3,4,1,1,Two-Year,West,Store,0
67,90.9,168.1,58,6,0.0,23.0,5,1,0,Two-Year,North,Mobile,0
22,91.4,178.1,117,13,2.0,15.6,1,0,1,Monthly,West,Partner,0
69,75.6,101.3,112,8,4.0,16.5,3,0,0,Two-Year,South,Partner,0
44,126.7,246.5,107,6,3.0,29.4,4,1,0,Monthly,West,Store,0
33,112.5,178.4,115,9,3.0,19.7,4,0,0,Two-Year,North,Web,0
21,107.7,188.8,9,11,3.0,5.4,1,0,0,Annual,North,Partner,0
67,151.3,36.8,104,13,3.0,7.3,5,0,0,Annual,West,Web,0
59,57.1,53.1,77,8,1.0,20.1,2,1,0,Monthly,West,Mobile,0
52,71.6,83.3,92,12,3.0,18.1,6,1,0,Annual,West,Mobile,0
20,83.5,48.7,81,5,4.0,25.5,4,0,0,Two-Year,South,Mobile,0
18,37.3,123.8,77,11,,3.3,1,0,0,Annual,West,Store,1
35,114.2,162.6,38,6,2.0,8.6,1,0,1,Monthly,East,Web,1
29,65.3,155.2,115,13,1.0,14.6,1,1,0,Annual,South,Web,0
61,81.1,179.9,115,12,1.0,12.7,2,0,0,Monthly,South,Web,0
63,90.0,279.8,22,13,1.0,8.0,5,0,1,Annual,West,Mobile,0
29,77.5,72.4,40,9,2.0,10.9,2,0,0,Monthly,East,Store,0
37,48.5,93.1,53,10,4.0,15.7,2,1,0,Monthly,South,Mobile,0
21,87.5,200.0,28,14,1.0,23.7,6,1,0,Monthly,South,Mobile,0
66,43.9,107.5,17,12,5.0,14.3,4,0,0,Monthly,North,Mobile,0
20,78.8,65.7,79,10,0.0,2.0,2,0,0,Monthly,West,Web,0
52,65.4,92.2,101,15,2.0,9.0,2,1,0,Monthly,North,Mobile,0
53,95.5,,64,10,0.0,27.1,5,1,0,Monthly,East,Web,1
75,93.9,144.2,93,12,2.0,13.5,5,1,0,Two-Year,West,Web,0
44,69.2,140.8,74,3,4.0,28.5,5,1,1,Annual,North,Web,0
62,,158.9,30,10,2.0,15.4,4,1,0,Monthly,North,Web,0
33,98.7,163.6,15,12,2.0,33.2,1,0,0,Annual,South,Mobile,0
23,97.5,73.0,98,8,2.0,15.8,1,0,1,Monthly,North,Web,0
66,34.5,104.6,103,9,1.0,36.0,3,1,0,,South,Web,0
66,18.0,180.0,58,14,2.0,28.6,4,1,0,Monthly,South,Web,0
71,75.7,161.6,93,10,3.0,27.0,5,0,1,Annual,West,Mobile,0
56,18.0,68.5,38,0,1.0,16.9,4,0,1,Annual,East,Partner,0
24,87.1,132.7,16,11,1.0,26.4,3,0,0,Annual,West,Store,0
30,32.2,151.3,43,14,3.0,13.7,3,0,0,Monthly,West,Mobile,0
50,90.5,67.8,34,10,4.0,13.9,1,1,1,Two-Year,South,Web,0
47,42.4,5.0,33,4,3.0,4.9,5,0,0,Monthly,South,Web,0
23,18.0,86.5,85,11,0.0,10.0,3,1,0,Monthly,East,Mobile,0
27,18.0,197.1,93,17,3.0,13.7,6,0,1,Two-Year,South,Web,0
54,83.5,64.0,11,7,,36.7,1,1,0,Annual,East,Store,0
39,18.0,151.3,14,10,2.0,41.6,1,1,0,Monthly,North,Store,1
70,95.6,71.9,108,14,3.0,5.8,2,1,1,Monthly,East,Mobile,0
61,,111.5,72,6,1.0,9.3,6,0,0,Monthly,North,Web,0
45,120.5,254.4,3,4,1.0,30.0,4,1,0,Monthly,North,Web,0
44,118.6,170.4,83,13,0.0,6.9,3,0,0,Monthly,West,Store,0
23,121.9,240.6,120,8,3.0,8.3,4,1,0,Monthly,South,Mobile,0
56,42.2,5.0,79,9,3.0,8.9,2,0,1,Monthly,East,Web,0
65,,140.4,66,11,2.0,8.8,6,0,0,Annual,North,Mobile,0
70,101.4,185.6,24,14,2.0,12.0,5,1,0,Monthly,West,Mobile,0
31,62.4,161.1,83,5,1.0,36.6,2,0,1,Two-Year,South,Store,0
58,81.7,144.4,5,9,0.0,32.9,1,0,0,Monthly,East,Mobile,1
39,37.2,92.0,11,12,1.0,7.8,1,1,1,Monthly,West,Web,0
23,92.9,216.9,116,5,2.0,7.9,6,0,0,Monthly,North,Partner,0
26,78.6,111.7,47,7,0.0,15.9,2,1,0,Monthly,South,Web,0
41,44.8,233.0,23,16,1.0,8.9,5,0,0,Two-Year,West,Mobile,0
18,117.0,146.2,98,13,2.0,56.1,1,1,0,Monthly,East,Mobile,0
36,42.8,,110,6,1.0,22.3,2,0,0,Monthly,East,Web,0
46,95.2,80.0,5,6,3.0,29.3,1,1,0,Monthly,South,Web,0
45,112.1,146.2,21,10,1.0,23.6,3,1,0,Monthly,North,Mobile,0
68,76.8,187.2,55,6,1.0,16.4,1,0,0,Monthly,East,Store,0
70,,93.2,84,7,2.0,57.0,6,0,0,Monthly,West,Web,0
40,109.4,78.6,85,5,2.0,35.6,3,0,0,Annual,North,Store,0
37,119.2,107.7,100,20,2.0,21.6,4,0,0,Two-Year,North,Web,0
74,75.4,110.1,76,10,2.0,19.6,1,0,1,Monthly,East,Web,0
61,58.2,239.7,59,10,3.0,22.6,2,1,0,Annual,South,Mobile,0
27,43.0,19.0,57,18,0.0,17.3,4,0,0,Two-Year,South,Mobile,0
45,56.9,104.1,77,9,2.0,18.3,5,0,0,Monthly,West,Mobile,0
51,124.9,227.4,52,7,1.0,7.3,2,0,0,Monthly,South,Web,1
66,23.0,130.6,104,6,2.0,10.4,1,0,0,Annual,North,Store,0
47,56.3,218.0,108,6,0.0,25.9,5,1,0,Monthly,East,Store,0
31,34.8,139.7,105,4,1.0,39.0,5,0,0,Monthly,South,Store,0
73,48.0,115.0,24,11,1.0,14.7,5,0,0,Annual,East,Store,0
48,80.1,238.8,104,9,3.0,13.5,2,1,0,Two-Year,North,Partner,0
50,74.6,175.0,102,11,0.0,39.4,2,0,1,Two-Year,North,Web,0
54,64.3,136.4,48,15,1.0,5.0,6,0,0,Monthly,North,Mobile,0
72,79.3,74.2,79,9,4.0,8.7,4,0,0,Monthly,East,Store,0
39,83.3,126.6,106,8,2.0,11.3,5,0,1,Annual,North,Web,0
68,29.4,99.3,112,14,1.0,10.0,6,1,1,Monthly,South,Partner,0
50,81.1,81.3,35,9,1.0,4.6,4,1,0,Monthly,South,Web,0
69,53.3,199.5,31,14,0.0,13.7,1,0,0,Monthly,East,,0
35,,78.9,16,10,,5.4,6,0,0,Monthly,South,Web,0
68,59.2,68.0,112,10,2.0,15.8,1,1,0,Monthly,South,Web,0
75,38.3,203.9,55,11,2.0,9.7,5,1,0,Monthly,North,Mobile,0
47,,137.0,117,14,0.0,32.7,6,0,0,Monthly,South,Partner,0
57,72.9,30.4,108,8,4.0,19.4,6,1,0,,East,Web,0
66,90.6,164.6,4,11,0.0,6.5,2,1,1,Monthly,South,Web,0
54,61.8,87.3,71,15,1.0,33.2,3,0,0,Monthly,North,Web,0
71,35.4,135.0,42,16,2.0,7.7,2,0,0,Monthly,South,Web,0
72,87.4,167.2,6,12,1.0,9.6,4,1,0,Monthly,South,Mobile,0
28,114.1,243.0,55,9,4.0,15.4,3,1,1,Annual,West,,0
43,73.8,175.4,60,8,2.0,18.7,1,0,0,Annual,North,Store,0
64,129.4,75.7,74,13,1.0,7.2,5,0,0,Monthly,South,Store,0
74,67.5,212.9,14,13,1.0,11.3,6,0,1,Annual,South,Mobile,0
70,85.1,107.0,34,10,4.0,25.9,3,1,0,Annual,North,Web,1
23,73.3,82.2,83,4,1.0,5.2,5,0,0,Monthly,East,Web,0
65,101.0,171.0,45,8,1.0,25.5,2,0,1,Annual,East,Web,0
75,91.3,161.9,72,9,1.0,19.5,4,1,0,Monthly,West,Mobile,0
25,105.1,63.0,32,7,1.0,3.6,2,0,0,Monthly,West,Partner,0
59,82.3,184.0,42,4,0.0,8.7,6,0,1,Two-Year,South,Store,0
45,105.2,132.2,59,7,2.0,23.0,4,0,0,Annual,North,Mobile,0
51,105.5,242.5,67,11,4.0,16.8,1,1,0,Annual,East,Store,0
74,71.7,60.8,61,13,1.0,26.5,6,1,0,Two-Year,North,Mobile,0
38,64.7,106.9,19,11,0.0,10.1,4,1,0,Annual,East,Web,0
33,20.2,204.1,65,12,1.0,14.9,1,1,0,Monthly,East,Web,0
29,111.8,148.9,118,10,2.0,18.6,3,0,0,Monthly,West,Mobile,0
29,86.2,124.3,3,14,3.0,17.0,2,1,0,Annual,West,Web,0
74,50.7,165.6,63,9,3.0,21.8,2,0,1,Monthly,East,Web,0
32,94.6,5.0,34,12,2.0,3.6,4,0,0,Two-Year,East,Web,0
31,,154.3,61,10,1.0,12.9,3,0,0,Monthly,South,Partner,0
47,95.7,115.1,11,12,3.0,8.1,4,0,0,Monthly,South,Mobile,0
69,99.6,42.7,33,9,0.0,9.4,3,0,0,Annual,West,Web,0
66,110.9,172.5,52,12,3.0,11.7,1,0,0,Monthly,West,Partner,0
21,91.4,119.4,62,8,1.0,9.9,5,0,0,Monthly,South,Mobile,0
24,111.5,207.9,94,3,2.0,11.9,2,0,1,Monthly,East,Web,0
64,60.9,167.4,109,6,0.0,5.5,4,1,0,Annual,West,Mobile,0
60,72.6,143.0,10,12,1.0,10.5,4,0,0,Monthly,South,Store,0
68,32.3,142.1,46,9,4.0,9.1,2,1,0,Annual,West,Mobile,0
28,68.4,197.4,1,9,,14.2,4,1,0,Monthly,East,Store,0
32,72.4,45.1,54,14,1.0,30.0,3,0,0,Monthly,East,Store,0
75,64.8,224.2,15,10,0.0,8.8,4,0,1,Monthly,North,Web,0
74,69.5,177.6,39,10,0.0,10.6,2,0,0,Two-Year,South,Store,0
56,26.8,234.1,12,8,3.0,7.5,4,1,0,Annual,North,Web,0
39,76.1,121.4,31,8,2.0,8.4,2,1,1,Monthly,North,Mobile,0
62,108.4,118.7,72,13,0.0,14.1,1,0,0,Monthly,West,Mobile,0
27,104.9,87.5,99,8,1.0,22.3,6,1,0,Monthly,South,Mobile,0
55,75.3,184.7,112,9,1.0,10.1,5,1,0,Monthly,East,Store,0
42,100.1,97.1,106,13,1.0,17.5,3,0,0,Annual,East,Mobile,0
67,71.5,180.7,47,5,1.0,0.9,6,0,0,Annual,North,Mobile,0
74,96.4,159.2,80,11,1.0,11.6,1,1,0,Annual,East,Mobile,0
42,90.9,124.5,66,6,3.0,45.4,1,1,1,Annual,North,Mobile,0
24,75.1,,96,5,1.0,18.6,2,0,0,Annual,West,Web,0
75,23.6,186.4,32,15,1.0,16.9,5,1,0,Two-Year,South,Mobile,0
58,18.0,131.2,79,15,1.0,16.9,1,1,0,Monthly,North,Partner,0
33,94.7,174.8,111,19,2.0,10.0,4,0,0,Annual,East,Mobile,0
25,48.4,24.0,92,10,0.0,15.6,6,0,1,Annual,North,Web,0
39,,81.9,112,13,0.0,4.8,5,0,0,,North,Web,0
57,137.8,108.6,19,10,2.0,24.5,2,0,0,Monthly,West,Web,1
35,101.3,195.3,57,11,,18.4,2,1,0,Annual,South,Web,0
26,71.4,109.2,41,6,,20.0,2,0,0,Two-Year,West,Web,0
39,107.3,173.3,93,9,,19.7,6,1,0,Annual,North,Partner,0
72,125.5,111.0,77,8,2.0,30.3,5,1,0,Annual,North,Mobile,0
36,77.0,82.0,117,8,1.0,20.0,5,1,1,Annual,West,Web,0
70,114.5,124.6,84,6,2.0,9.1,2,0,0,Monthly,South,Mobile,0
41,85.8,127.0,72,12,3.0,12.8,4,1,0,Monthly,North,Mobile,0
75,92.4,178.3,109,12,2.0,5.3,5,1,0,Annual,East,Partner,0
72,46.1,183.5,35,12,2.0,6.4,3,1,0,Two-Year,West,Web,0
68,70.7,190.2,52,8,1.0,11.0,2,0,0,Annual,West,Store,0
21,54.4,217.2,117,13,2.0,12.3,2,1,0,Annual,South,Web,0
40,69.1,147.8,102,9,1.0,4.6,3,1,0,Annual,South,Web,0
65,57.5,63.2,50,7,3.0,18.9,3,0,0,Annual,South,Mobile,0
45,,78.0,38,9,2.0,26.1,6,0,1,Monthly,South,Web,0
53,46.0,123.0,38,16,3.0,14.2,3,0,1,Monthly,North,Web,0
36,56.5,209.6,29,11,1.0,21.1,5,1,1,Two-Year,South,Store,0
54,86.5,88.3,30,13,1.0,5.4,6,1,0,Monthly,West,Web,0
46,67.4,77.5,103,8,5.0,16.4,2,1,0,Monthly,East,Mobile,0
66,59.4,162.2,6,13,0.0,22.4,2,1,1,Monthly,West,Web,0
31,114.1,109.8,62,14,2.0,23.8,5,1,1,Monthly,East,Web,0
29,69.0,197.9,37,11,1.0,10.4,5,1,0,Monthly,East,Mobile,0
73,120.4,114.5,33,16,2.0,12.9,4,1,1,Monthly,East,Mobile,0
47,46.9,129.5,10,10,1.0,13.6,4,1,0,Annual,West,Web,0
42,18.0,136.7,18,8,0.0,36.8,5,0,0,Two-Year,East,Mobile,0
25,79.8,130.5,84,10,,9.6,1,1,1,Monthly,North,Web,0
37,81.5,100.5,50,12,3.0,9.5,6,0,0,Monthly,West,Web,0
64,123.4,87.4,90,13,2.0,7.2,4,1,1,Monthly,North,Web,0
72,48.4,168.9,30,8,4.0,41.4,1,1,1,Monthly,North,Web,0
22,83.2,124.1,32,12,1.0,12.3,5,1,0,Monthly,West,Web,0
38,45.6,135.1,1,11,2.0,6.2,1,1,0,Annual,North,Web,0
24,89.5,63.8,57,6,,25.5,3,1,1,Annual,West,Partner,0
42,107.3,137.3,83,7,3.0,7.2,4,0,0,Annual,South,Web,0
21,85.0,163.0,74,11,3.0,9.5,6,0,0,Annual,South,Partner,0
54,54.7,177.2,40,6,2.0,8.9,2,0,1,Monthly,West,Web,0
45,87.0,244.6,115,12,5.0,12.1,3,1,0,Annual,South,Store,0
60,121.6,117.9,16,10,1.0,31.3,5,1,0,Monthly,West,Mobile,0
24,104.4,137.6,82,11,2.0,18.4,3,1,0,Monthly,North,Mobile,1
42,60.5,77.7,1,12,2.0,15.4,6,1,0,Two-Year,East,Web,0
62,39.2,55.7,94,12,3.0,14.7,6,1,1,Monthly,South,Web,0
30,79.0,189.6,53,11,1.0,27.9,6,1,0,Monthly,West,Web,0
34,103.1,63.9,66,8,1.0,26.2,4,1,0,Annual,West,Web,0
54,85.7,153.8,37,10,4.0,4.1,6,1,0,Monthly,South,Store,0
63,54.4,183.0,97,11,1.0,3.3,1,1,0,Monthly,South,Web,0
27,52.2,237.3,40,10,0.0,16.7,1,0,0,Monthly,East,Partner,0
41,98.6,188.4,2,12,4.0,6.3,2,0,1,Annual,East,Web,0
53,75.0,199.3,50,12,2.0,13.0,2,0,0,Annual,South,Web,0
71,41.4,180.6,37,13,1.0,18.0,6,0,0,Monthly,West,Web,0
55,54.5,201.8,68,11,3.0,8.6,2,1,0,Annual,South,Web,0
48,93.6,103.9,97,5,1.0,16.7,6,1,0,Monthly,East,Mobile,0
55,90.2,262.7,49,13,3.0,8.6,4,1,0,Annual,North,Web,0
23,63.5,109.7,115,9,1.0,33.9,3,0,1,Monthly,North,Store,0
38,92.7,107.1,51,9,3.0,17.7,6,1,1,Monthly,North,Web,0
50,68.2,216.2,55,13,2.0,7.1,1,1,0,Annual,East,Mobile,0
40,42.1,271.3,57,15,4.0,8.5,3,0,0,Two-Year,East,Web,0
23,,190.1,23,11,3.0,3.9,4,1,1,Annual,East,Web,0
33,69.5,,87,8,,7.4,3,0,0,Monthly,North,Partner,0
20,64.5,108.8,16,10,2.0,3.0,5,0,0,Annual,East,Mobile,0
63,133.8,126.2,76,9,2.0,16.9,3,0,0,Annual,North,Partner,0
52,114.5,86.6,5,12,1.0,4.4,3,1,0,Monthly,West,Store,0
59,87.8,99.0,52,8,,24.1,2,1,1,Monthly,North,Store,0
49,36.4,238.4,29,9,2.0,14.0,1,0,0,Monthly,West,Web,0
58,103.0,65.3,7,16,0.0,5.7,6,1,1,Monthly,West,Web,0
52,77.6,191.1,20,12,0.0,39.0,3,0,0,Monthly,East,Mobile,0
74,61.3,207.0,77,10,,10.9,6,1,0,Monthly,West,Web,0
36,22.7,131.7,81,14,3.0,32.9,3,1,0,Annual,South,Mobile,0
69,132.0,153.2,120,12,1.0,25.4,6,1,0,Monthly,East,Store,0
23,38.1,5.0,90,7,1.0,8.1,5,0,0,Monthly,North,Web,0
42,120.7,152.0,78,6,4.0,24.4,1,1,1,Annual,West,Mobile,0
73,81.8,,94,7,1.0,10.8,6,1,0,Monthly,West,Web,0
61,46.4,16.7,64,6,2.0,4.5,4,0,0,Monthly,West,Partner,0
48,95.9,165.7,24,12,1.0,10.8,5,0,0,Two-Year,North,Mobile,0
55,53.1,,60,9,1.0,14.9,3,1,0,Monthly,South,Web,0
61,51.8,132.5,60,8,1.0,17.5,5,1,1,Annual,East,Mobile,0
49,73.5,136.8,38,6,,9.5,3,0,0,Monthly,North,Store,0
65,67.0,176.9,32,6,,17.7,4,0,1,Monthly,East,Web,0
26,49.4,127.4,100,6,1.0,7.2,1,0,1,Annual,East,Mobile,0
58,79.9,121.8,89,7,1.0,35.6,2,1,0,Annual,East,Mobile,0
46,92.9,114.3,61,10,2.0,21.0,1,0,1,Annual,North,Partner,0
59,108.2,128.1,73,14,1.0,24.6,6,0,0,Monthly,East,Store,0
30,50.7,190.9,113,10,3.0,7.6,4,0,0,Monthly,North,Mobile,0
19,69.6,187.5,116,11,3.0,42.1,2,0,1,Two-Year,North,Mobile,0
64,38.2,113.6,70,13,4.0,25.3,6,1,0,Annual,North,Partner,0
20,115.1,137.6,89,10,1.0,6.9,3,0,0,Monthly,North,Web,0
60,114.6,126.7,43,14,3.0,2.9,2,1,0,Monthly,North,Mobile,0
36,66.5,76.4,107,9,1.0,2.4,3,1,0,Monthly,North,Mobile,0
28,123.2,257.7,92,6,1.0,12.9,2,0,0,Monthly,South,Store,0
46,60.4,98.5,55,5,0.0,12.7,3,1,0,Annual,West,Web,0
23,57.3,173.8,86,8,0.0,4.6,2,1,1,Annual,South,Web,0
60,59.8,144.6,111,16,1.0,6.3,5,1,0,Monthly,South,Web,0
24,,195.9,45,8,1.0,27.0,3,0,0,Annual,South,Mobile,0
61,86.2,9.7,48,3,2.0,7.2,2,0,1,Annual,North,Mobile,0
63,67.5,180.5,31,9,1.0,5.8,2,1,1,Two-Year,East,Web,0
42,93.7,171.0,20,8,2.0,8.6,3,1,0,Annual,West,Web,0
72,92.4,5.0,85,6,4.0,21.6,3,0,0,Two-Year,North,Store,0
67,125.1,155.5,15,7,3.0,9.6,2,1,0,Annual,North,Web,0
34,57.2,175.5,99,13,1.0,5.7,3,1,0,Two-Year,West,Web,0
71,105.5,74.3,38,10,2.0,17.1,1,1,0,Two-Year,North,Partner,0
24,77.6,111.6,86,12,2.0,27.1,4,1,0,Monthly,East,Web,0
69,103.0,127.6,70,10,0.0,32.2,6,0,0,,South,Web,0
59,96.9,95.4,116,10,0.0,12.5,3,0,1,Annual,South,Web,0
37,18.3,120.7,26,10,1.0,1.6,3,1,0,Two-Year,North,Mobile,0
48,92.9,239.6,45,7,0.0,28.1,2,1,0,Annual,West,Web,0
31,39.3,173.5,99,11,2.0,9.9,6,1,0,Annual,West,Web,0
53,99.2,154.4,88,8,2.0,10.3,2,1,0,Annual,West,,0
21,91.3,188.5,51,9,1.0,47.4,4,0,0,Annual,East,,0
47,75.6,95.6,83,16,,7.2,3,1,0,Monthly,West,Store,0
58,,60.1,69,5,,8.7,5,0,1,Two-Year,South,Web,0
64,95.7,120.0,3,13,1.0,9.2,4,1,1,Annual,West,,0
20,117.5,150.5,38,9,1.0,10.9,4,0,0,Annual,North,Web,1
51,42.3,154.6,91,8,,10.6,3,0,0,Two-Year,South,Web,0
66,104.5,114.7,101,8,1.0,4.2,3,1,1,Annual,West,Mobile,0
64,61.7,40.6,10,10,0.0,39.5,6,1,0,Annual,South,Web,0
71,81.0,162.2,47,9,0.0,11.7,5,0,1,Monthly,North,Web,0
56,71.9,90.7,13,11,0.0,6.0,5,1,0,Monthly,South,Store,0
38,77.4,99.0,50,12,1.0,22.2,6,1,0,Monthly,West,Web,1
57,93.3,184.5,40,8,1.0,22.9,2,1,0,Monthly,East,Partner,0
31,74.7,138.8,113,15,5.0,9.4,1,1,1,Annual,North,Mobile,0
60,39.4,229.0,85,15,4.0,12.2,5,0,1,Monthly,North,Mobile,0
31,142.4,132.3,36,12,4.0,33.7,2,0,0,Monthly,South,Partner,0
51,84.4,134.9,60,11,2.0,10.9,3,1,1,Monthly,North,Store,0
43,73.6,125.2,57,15,2.0,30.6,3,1,1,Monthly,South,,0
38,110.4,141.5,66,11,0.0,15.5,6,1,0,Monthly,North,Mobile,0
68,71.1,121.3,3,12,2.0,14.4,1,1,0,Two-Year,South,Mobile,0
40,63.9,135.3,70,3,1.0,14.7,3,1,0,Monthly,West,Mobile,0
54,133.4,118.9,108,10,4.0,27.8,4,0,0,Two-Year,South,Mobile,0
19,71.7,165.1,56,11,2.0,16.2,2,0,1,Monthly,North,Web,0
59,131.0,183.0,104,13,0.0,10.3,2,0,0,Monthly,South,Mobile,0
20,147.7,116.0,63,16,1.0,31.0,5,0,0,Annual,South,Mobile,0
50,42.5,118.9,52,6,4.0,14.2,6,0,0,Annual,West,Web,0
44,34.2,,70,7,3.0,8.4,2,0,0,Monthly,West,Web,0
64,78.4,231.9,37,12,1.0,4.1,2,1,0,Monthly,North,Mobile,0
64,113.7,100.6,52,9,1.0,19.1,6,0,0,Annual,South,Mobile,0
47,58.9,,56,8,2.0,12.4,1,1,1,Annual,South,Web,0
59,63.8,158.6,60,10,0.0,32.4,4,1,0,Monthly,West,Mobile,0
24,37.6,279.1,18,8,2.0,8.4,3,0,0,Annual,West,Mobile,0
40,118.5,89.0,58,12,3.0,21.0,3,1,0,Monthly,North,Mobile,0
51,55.4,254.2,60,13,0.0,21.5,4,0,0,Monthly,North,Web,0
45,51.3,196.6,85,7,5.0,15.4,6,0,0,Monthly,West,Store,0
36,107.5,,19,13,2.0,10.2,6,1,0,Two-Year,West,Mobile,0
66,101.3,42.1,69,5,3.0,10.0,5,1,1,Monthly,North,Mobile,0
27,83.5,98.6,89,7,3.0,24.7,3,1,0,Annual,East,Web,0
63,48.4,128.4,4,9,0.0,27.8,5,1,0,Annual,North,Store,0
30,69.8,194.8,104,8,1.0,21.9,5,0,1,Two-Year,East,Web,0
53,60.3,124.1,70,9,3.0,13.6,1,1,0,Monthly,North,Mobile,0
49,71.5,174.8,54,6,1.0,7.5,4,0,0,Monthly,North,Mobile,0
67,113.7,,87,8,1.0,20.8,3,0,1,Two-Year,South,Web,0
42,93.7,113.9,120,6,3.0,9.3,2,1,0,Two-Year,South,Web,0
74,41.7,163.4,41,7,1.0,7.1,4,0,0,Annual,West,Store,0
23,35.6,170.7,96,5,2.0,18.4,2,0,0,Monthly,South,Mobile,0
54,89.3,94.6,15,8,2.0,16.4,1,0,0,Monthly,West,Partner,0
27,95.7,147.1,57,11,2.0,15.0,3,1,0,Annual,West,Web,0
74,58.6,248.2,44,10,1.0,12.6,4,1,0,Annual,West,,0
61,49.1,196.9,68,6,1.0,18.5,1,1,1,Annual,South,Mobile,0
22,29.1,246.2,65,12,,5.2,4,0,0,Monthly,West,Partner,1
65,,145.9,69,8,1.0,8.6,5,0,1,Annual,East,Partner,0
62,94.9,112.6,90,15,4.0,9.1,2,1,1,Monthly,West,Web,0
32,93.0,94.4,6,10,0.0,28.4,6,1,0,Two-Year,South,Mobile,0
23,96.3,109.6,96,12,1.0,9.5,6,1,1,Monthly,West,Web,0
23,64.4,283.7,9,15,1.0,0.5,3,1,0,Monthly,South,Partner,0
30,81.9,69.7,8,12,3.0,6.8,3,0,1,Annual,East,Mobile,0
24,62.7,68.9,45,15,2.0,24.1,1,1,1,Annual,South,Web,0
37,,43.4,21,9,3.0,34.9,3,0,0,Monthly,West,Web,0
53,18.0,139.7,113,7,1.0,14.7,4,1,1,Monthly,North,Store,0
24,75.7,139.1,36,11,1.0,25.5,2,0,1,Two-Year,South,Web,0
50,92.8,,56,7,0.0,6.8,4,1,0,Monthly,West,Web,0
59,101.6,159.4,18,10,1.0,25.2,5,0,0,Monthly,West,Web,0
27,46.8,,115,10,1.0,13.7,1,1,0,Two-Year,West,Mobile,0
38,,73.9,38,9,2.0,3.7,2,0,0,Two-Year,South,Web,0
69,117.8,127.5,18,10,3.0,13.6,4,1,0,Monthly,South,Web,0
27,55.4,214.3,58,12,0.0,2.0,6,1,0,Monthly,West,Store,0
18,58.7,99.1,63,10,1.0,5.1,4,1,0,,South,Web,0
30,101.7,183.4,97,11,0.0,11.3,5,1,0,Monthly,South,Web,0
48,76.1,123.2,114,9,2.0,25.5,6,1,0,Annual,North,Store,0
19,63.8,180.4,13,12,0.0,26.6,1,0,1,Monthly,South,Store,0
59,61.2,148.4,31,14,1.0,1.8,1,0,0,Monthly,West,Mobile,0
73,71.4,118.7,16,3,3.0,34.1,5,0,0,Monthly,East,Mobile,1
43,115.8,122.4,87,11,4.0,12.9,3,0,0,Annual,East,Partner,0
73,65.0,153.3,99,8,,1.9,5,1,1,Monthly,East,Web,0
36,,158.6,83,7,0.0,9.3,5,1,1,Monthly,East,Mobile,0
32,108.3,199.7,2,10,3.0,12.7,4,1,0,Annual,South,Web,0
63,121.6,47.9,57,10,,5.9,4,1,0,,South,Web,0
58,70.2,,50,12,2.0,40.8,1,1,0,Annual,East,Mobile,0
21,60.5,137.7,60,20,2.0,10.6,6,0,0,Annual,North,Store,0
20,88.0,143.6,14,7,3.0,15.4,1,0,1,Monthly,West,Mobile,0
19,97.8,83.9,62,15,1.0,13.8,5,0,0,Two-Year,West,Mobile,0
38,51.4,85.0,87,8,2.0,31.8,4,0,0,Monthly,North,Web,0
49,154.5,166.0,45,13,1.0,7.4,3,1,0,Monthly,South,Web,1
57,60.4,151.9,78,11,2.0,16.7,5,0,1,Two-Year,South,Web,0
21,105.9,195.0,116,13,3.0,6.6,1,0,0,Annual,South,Web,0
31,56.8,5.0,40,6,0.0,17.4,3,0,0,Monthly,East,Mobile,0
69,105.9,208.5,118,13,1.0,10.5,5,0,1,Monthly,West,Mobile,0
37,138.0,147.4,38,12,3.0,16.8,4,1,1,Monthly,East,Web,1
18,66.1,175.7,45,13,0.0,15.6,3,1,0,Monthly,East,Mobile,0
25,26.9,207.9,73,11,1.0,9.0,6,1,0,Annual,North,Web,0
66,95.7,192.2,48,11,0.0,14.2,1,1,1,Annual,South,Mobile,0
26,80.6,125.8,54,11,3.0,6.4,5,1,0,Annual,North,Web,0
59,29.5,123.0,59,10,3.0,15.6,5,0,1,Monthly,South,Store,0
18,130.1,162.6,69,13,,6.3,5,1,0,Two-Year,South,Web,0
53,64.8,152.7,2,7,1.0,20.3,4,0,1,Monthly,West,Web,0
37,42.4,201.8,101,9,1.0,31.0,4,1,0,Monthly,East,Web,0
45,,,103,7,1.0,15.1,2,1,0,Monthly,East,Partner,0
42,85.8,151.9,87,8,1.0,10.8,6,0,0,Two-Year,South,Web,0
74,94.0,230.8,118,5,0.0,4.5,5,1,0,Annual,North,Mobile,0
42,93.5,184.1,9,13,,24.1,6,0,0,Annual,South,,0
74,142.3,153.8,107,11,1.0,12.0,1,0,1,Annual,North,Store,0
34,,198.4,38,11,2.0,11.5,6,0,0,Monthly,South,Mobile,0
58,45.6,77.8,7,7,1.0,11.7,3,0,0,Annual,West,Web,0
48,18.0,143.3,52,8,3.0,5.1,2,0,0,Two-Year,North,Store,0
49,62.4,173.7,90,9,5.0,18.6,1,0,1,Monthly,East,Mobile,0
19,126.1,211.0,25,11,2.0,3.6,6,1,0,Monthly,South,Web,0
28,58.5,130.7,9,16,5.0,4.6,5,0,1,Monthly,North,Store,1
41,60.4,121.9,4,8,1.0,23.7,3,0,0,Monthly,North,Web,0
38,122.6,120.2,95,9,1.0,6.7,4,0,1,Annual,East,Web,0
53,95.1,144.4,118,12,3.0,21.5,6,0,0,Annual,South,,0
18,62.4,86.4,21,12,0.0,17.3,3,0,0,Annual,South,Mobile,0
62,88.6,165.8,107,15,4.0,18.3,6,0,0,Two-Year,South,Web,0
23,79.6,181.3,29,16,2.0,14.7,5,1,0,Two-Year,East,Web,0
75,93.0,209.9,8,10,6.0,20.0,2,0,0,Monthly,West,Partner,0
30,,226.7,120,11,0.0,23.4,3,0,1,Two-Year,South,Web,0
43,86.4,72.2,17,19,1.0,9.4,4,1,0,Two-Year,South,Web,0
41,42.3,187.4,32,13,3.0,14.6,1,0,0,Monthly,North,Mobile,0
72,,88.7,98,7,2.0,19.4,2,0,0,Annual,West,Mobile,0
71,94.4,95.5,10,14,1.0,9.7,4,0,1,Monthly,South,Mobile,0
71,97.0,176.4,67,8,4.0,6.8,5,0,0,Monthly,East,Web,0
63,97.7,130.7,113,10,1.0,11.6,1,0,0,Monthly,West,Web,0
26,77.5,221.2,20,5,2.0,24.9,5,0,0,Monthly,South,Store,0
33,69.6,123.0,56,10,2.0,5.8,6,1,1,Two-Year,East,Mobile,0
47,18.0,,111,8,3.0,3.8,5,1,1,Monthly,West,Web,0
50,82.5,169.4,36,5,1.0,16.0,4,1,1,Monthly,West,Mobile,0
31,18.0,219.9,70,9,0.0,28.2,6,0,0,Two-Year,West,Mobile,0
62,89.3,153.7,91,13,3.0,34.8,6,1,0,Annual,South,Mobile,0
63,99.7,150.6,2,7,1.0,21.3,1,0,0,Monthly,North,Store,0
60,98.5,89.0,5,5,0.0,12.6,4,1,0,Annual,North,Web,0
60,72.5,115.1,29,12,2.0,13.0,2,1,0,,East,Web,0
67,103.9,126.1,113,8,0.0,6.4,2,1,0,Two-Year,North,Web,0
74,119.1,50.3,11,7,2.0,12.9,1,0,0,Monthly,North,Web,1
43,70.7,122.1,81,7,3.0,34.4,5,0,0,Monthly,South,Web,0
21,74.9,94.8,29,9,3.0,27.1,4,0,1,Two-Year,North,Mobile,0
72,116.4,137.9,51,12,1.0,13.0,6,1,0,Two-Year,West,Mobile,0
43,84.1,124.8,67,16,1.0,48.0,6,1,0,Monthly,East,Web,0
47,149.4,257.1,81,10,2.0,2.2,2,0,0,Monthly,North,Mobile,0
39,70.7,80.4,113,7,0.0,15.0,1,1,0,Monthly,North,Web,0
61,88.9,64.9,66,6,2.0,6.4,5,1,1,Monthly,North,Web,0
56,52.1,54.5,54,12,0.0,23.1,2,0,0,,South,Web,0
26,86.9,129.5,9,8,1.0,8.0,4,1,0,Monthly,East,Web,0
48,64.1,179.0,51,8,2.0,20.9,2,1,0,Two-Year,East,Mobile,0
57,29.5,162.1,89,21,1.0,11.7,3,0,0,Monthly,East,Web,0
51,20.6,160.6,99,11,1.0,6.4,3,1,1,Two-Year,West,Web,0
47,89.5,277.3,81,15,0.0,9.4,2,1,0,Monthly,West,Web,0
26,53.1,226.7,1,7,1.0,9.5,2,0,0,Monthly,East,Store,0
36,74.7,232.1,25,9,4.0,46.5,4,1,1,Two-Year,South,Mobile,0
72,75.9,153.8,46,6,1.0,2.9,1,0,0,Annual,South,Mobile,0
59,64.9,162.1,55,10,3.0,10.4,4,0,0,Monthly,East,Partner,1
36,128.7,226.9,104,3,3.0,11.7,4,1,0,Monthly,North,Mobile,0
40,71.1,114.9,100,10,2.0,7.9,6,1,0,Annual,North,Web,0
40,60.4,165.7,48,14,5.0,24.2,4,1,1,Annual,North,Partner,0
31,48.3,32.4,48,13,1.0,41.1,5,1,0,Monthly,West,Mobile,0
31,103.2,53.3,74,10,1.0,13.8,4,0,0,Monthly,East,Mobile,0
28,65.5,122.3,71,8,2.0,6.6,5,0,0,Monthly,South,Mobile,0
35,,193.3,92,9,1.0,23.7,3,1,1,Two-Year,North,Web,0
29,93.9,70.0,119,12,0.0,18.4,2,0,0,Monthly,North,Web,0
39,63.6,179.2,46,13,0.0,32.9,1,1,0,Two-Year,West,Web,0
45,,168.3,39,11,2.0,17.5,1,0,0,Monthly,East,Store,0
33,94.4,89.4,97,8,1.0,1.0,5,1,0,Annual,East,Web,0
70,53.2,137.7,97,3,0.0,18.2,3,1,1,Two-Year,North,Web,0
44,85.4,209.9,102,7,0.0,4.3,6,1,0,Annual,North,Web,0
53,88.8,240.9,106,13,3.0,19.4,6,1,1,Monthly,North,Mobile,0
66,80.7,171.9,24,4,1.0,13.3,5,1,0,Monthly,West,Store,0
30,96.6,188.2,48,9,3.0,14.7,5,0,0,Annual,South,Web,0
66,74.1,32.8,1,14,0.0,18.0,1,1,1,Two-Year,South,Mobile,0
74,125.8,137.8,3,9,2.0,4.9,5,1,1,Monthly,East,Web,0
53,154.8,106.6,13,10,2.0,7.2,6,1,0,Monthly,West,Web,0
55,66.3,152.9,118,8,1.0,22.9,3,1,1,Annual,North,Store,0
50,21.1,187.7,74,12,2.0,37.5,1,0,1,Monthly,North,Web,0
38,90.0,79.8,67,6,3.0,34.7,5,0,0,Two-Year,South,Mobile,1
52,92.2,191.4,51,7,2.0,22.1,5,1,0,Monthly,West,Web,0
41,83.2,83.9,91,6,3.0,46.7,4,1,0,Annual,West,Mobile,0
47,40.9,29.9,66,8,0.0,5.8,3,1,0,Monthly,East,Store,0
26,89.8,190.2,112,3,1.0,20.6,5,1,0,Monthly,South,Web,0
22,104.3,226.6,65,13,3.0,2.3,5,1,1,Monthly,South,Store,0
43,53.9,214.5,21,9,1.0,31.6,1,1,0,Monthly,West,Web,0
23,133.8,,65,9,1.0,7.3,3,1,0,Monthly,South,Web,0
66,53.7,168.5,101,7,2.0,5.3,3,1,0,Two-Year,East,Web,0
45,102.2,62.4,16,4,5.0,15.3,5,0,0,Monthly,East,Web,0
75,74.6,147.7,60,12,2.0,6.2,6,0,0,Annual,South,Web,0
22,,219.0,38,12,1.0,2.8,3,0,1,Monthly,North,Store,0
22,79.0,250.9,33,14,4.0,33.5,3,1,1,Annual,North,Web,0
25,75.5,67.7,39,13,1.0,28.0,2,1,0,Annual,East,Web,0
37,158.8,131.2,8,9,3.0,32.0,4,1,1,Monthly,East,Store,0
54,111.8,148.6,53,15,0.0,11.1,6,1,1,Two-Year,East,Web,0
39,136.6,161.1,23,16,3.0,19.8,6,0,0,Monthly,East,Store,0
72,124.4,189.1,5,15,0.0,17.3,5,1,0,Monthly,East,Web,0
75,80.8,95.7,35,18,5.0,24.1,5,1,0,Monthly,South,Web,1
20,60.9,156.3,60,12,1.0,10.7,4,1,1,Monthly,West,Store,0
55,133.8,86.6,103,16,2.0,42.6,1,1,0,Monthly,West,Web,0
52,46.3,,77,9,4.0,40.9,4,0,0,Monthly,North,Partner,1
67,80.7,41.3,108,7,2.0,13.6,2,0,0,Monthly,North,Web,0
44,61.7,23.0,101,8,2.0,13.6,6,1,0,Two-Year,East,Mobile,0
23,100.7,65.9,70,10,1.0,11.1,1,1,1,Monthly,North,Web,0
20,139.3,111.8,82,10,2.0,25.2,5,0,0,Monthly,West,Web,0
27,73.2,147.9,5,6,0.0,8.8,3,1,0,Two-Year,North,Mobile,0
63,48.4,,51,8,3.0,37.5,1,1,0,Annual,North,Mobile,0
23,110.9,142.2,23,8,2.0,8.1,3,1,0,Monthly,South,Web,1
58,32.1,162.4,51,12,1.0,18.6,6,0,0,Monthly,South,Mobile,0
25,89.9,159.1,81,8,2.0,21.3,2,0,0,Two-Year,West,,0
72,61.3,31.8,75,13,3.0,9.5,5,1,0,Monthly,South,Mobile,0
24,94.9,75.7,99,10,0.0,5.2,5,1,0,Monthly,East,Store,0
56,92.8,148.7,75,8,2.0,25.9,1,0,0,Monthly,North,Web,0
18,49.4,95.4,9,13,3.0,9.6,3,0,0,,South,Partner,0
59,136.0,115.8,25,11,0.0,22.5,4,0,0,Two-Year,West,Mobile,0
21,121.4,137.4,72,10,1.0,20.2,2,0,1,Monthly,West,Web,0
38,52.5,181.6,115,16,2.0,4.9,2,1,0,Monthly,South,Partner,0
67,45.6,197.1,28,11,,15.8,6,0,1,Annual,South,Web,0
51,67.4,192.7,36,7,2.0,20.0,5,1,0,Monthly,West,Partner,0
37,40.1,131.3,68,6,1.0,17.7,5,1,0,Two-Year,East,Web,1
53,47.4,297.5,75,3,1.0,13.4,5,1,0,Monthly,East,Web,0
53,111.0,157.9,104,7,3.0,21.3,3,1,1,Annual,North,Web,0
24,80.4,136.2,117,8,1.0,19.2,1,1,0,Annual,West,Web,0
45,102.0,116.4,115,13,1.0,4.0,1,1,0,Annual,East,Mobile,0
29,,183.2,89,11,1.0,41.3,4,1,0,Monthly,East,Web,0
45,75.9,188.8,82,14,2.0,19.2,6,0,0,Monthly,East,Store,0
31,63.2,,74,8,2.0,11.7,6,1,0,Annual,North,Web,0
32,78.4,122.2,24,11,4.0,28.6,5,0,0,Annual,North,Web,0
53,110.4,111.8,8,13,1.0,31.5,1,0,0,Two-Year,North,Store,0
45,86.4,191.8,52,10,5.0,4.9,1,1,0,Monthly,South,Web,0
49,23.7,255.8,116,10,2.0,14.6,1,1,1,Monthly,East,Mobile,0
25,59.1,105.8,117,11,2.0,21.5,5,0,0,Annual,West,Partner,0
36,35.3,71.2,62,16,3.0,5.9,5,0,0,Monthly,East,Web,0
37,47.4,93.7,81,11,1.0,16.3,2,0,0,Monthly,South,Mobile,0
63,33.1,186.8,100,7,1.0,18.4,3,1,0,Monthly,South,Web,0
39,94.5,98.2,59,10,4.0,26.1,3,0,1,Annual,South,Web,0
58,103.8,151.8,80,11,3.0,18.2,3,0,0,Annual,West,Web,0
67,74.4,211.2,46,12,2.0,6.5,4,0,0,Annual,East,Mobile,0
26,47.3,88.5,112,8,2.0,8.8,5,1,0,Annual,West,Partner,0
22,82.6,134.7,45,11,2.0,49.4,2,1,0,Monthly,South,Store,0
63,79.5,,74,17,3.0,32.4,5,0,0,Monthly,North,Web,0
36,,169.1,108,11,3.0,7.2,6,1,0,Monthly,North,Web,0
35,53.7,179.1,60,11,3.0,44.9,4,1,1,Monthly,South,Web,0
75,75.2,46.5,8,10,1.0,29.9,6,0,0,Two-Year,South,Web,0
45,70.7,185.2,83,7,1.0,10.2,1,0,0,Two-Year,North,Partner,0
53,60.5,111.3,25,6,2.0,35.1,1,0,0,Monthly,South,Store,0
28,78.5,67.6,5,15,0.0,7.0,1,0,1,Monthly,East,Mobile,0
32,81.2,142.7,90,17,2.0,1.9,1,1,0,Annual,South,Web,0
41,97.8,144.6,3,12,1.0,29.5,2,0,0,Two-Year,South,Store,0
19,113.2,195.4,42,15,1.0,8.7,5,1,0,Monthly,West,Web,0
31,68.0,97.5,34,11,2.0,39.6,5,1,0,Monthly,West,Web,0
75,91.3,205.5,94,9,0.0,17.0,3,1,1,Monthly,West,Web,0
60,99.8,167.4,68,10,2.0,23.9,3,1,1,Monthly,East,Web,0
51,27.1,112.4,100,13,5.0,10.7,5,1,0,Monthly,East,Web,0
52,78.7,153.2,38,7,3.0,8.3,2,0,0,Annual,South,Mobile,0
37,69.0,174.6,17,16,2.0,21.5,2,0,0,Monthly,South,Store,0
69,86.5,186.1,72,16,2.0,2.2,5,0,0,Monthly,East,Store,0
45,138.7,143.0,58,12,0.0,9.7,4,1,0,,South,Mobile,0
27,70.6,146.4,48,9,3.0,26.1,4,0,1,Monthly,East,Store,0
21,101.8,202.2,32,8,1.0,8.1,1,1,0,Monthly,South,Mobile,0
51,108.3,164.8,86,9,3.0,35.6,4,0,0,Two-Year,South,Web,0
24,95.4,90.4,30,8,2.0,10.8,3,0,0,Annual,North,Web,0
45,95.7,85.0,116,19,1.0,21.3,6,0,0,Two-Year,West,Web,0
66,44.6,164.2,25,11,2.0,16.0,3,1,0,Annual,South,Store,0
45,74.9,163.1,104,12,2.0,29.8,4,1,0,Monthly,South,Web,0
52,79.7,121.1,103,6,2.0,0.8,2,1,0,Two-Year,South,Mobile,0
61,73.8,167.1,119,13,2.0,10.3,3,1,0,Annual,East,Web,0
41,57.5,172.2,108,5,4.0,8.7,4,1,0,Two-Year,West,Web,0
42,98.2,83.6,104,9,0.0,16.8,2,1,0,Monthly,North,Mobile,0
22,77.6,238.7,71,6,0.0,19.3,1,1,0,Annual,West,Web,0
58,37.9,114.4,69,9,3.0,19.9,6,0,0,Monthly,West,Web,0
18,60.2,161.6,79,10,1.0,8.0,4,1,0,Annual,South,Web,0
34,35.2,58.9,15,8,1.0,4.8,2,1,1,Monthly,South,Mobile,0
33,34.5,61.8,55,8,2.0,26.1,5,0,0,Monthly,East,Store,0
25,99.2,91.7,81,7,3.0,9.6,2,1,0,Monthly,East,Web,0
61,92.2,57.6,67,8,2.0,12.0,4,1,1,Monthly,East,Store,0
63,127.2,,111,13,1.0,28.1,2,0,0,Monthly,South,Mobile,0
25,41.2,139.9,33,12,1.0,9.5,2,0,0,Annual,West,Mobile,0
48,94.1,116.9,77,9,1.0,23.4,6,1,0,Monthly,North,Web,0
31,93.5,166.2,7,6,0.0,9.5,5,1,1,Annual,North,Web,0
32,95.3,170.5,61,12,3.0,22.2,4,1,1,Annual,North,Partner,0
27,99.1,116.1,84,13,1.0,13.0,4,0,0,Monthly,East,Web,0
44,,85.0,13,11,4.0,10.9,1,1,1,Annual,East,Web,0
73,80.0,178.5,100,10,1.0,13.9,2,1,1,Annual,North,Web,0
54,55.7,83.0,77,10,0.0,10.9,2,0,0,Annual,South,Store,0
18,108.7,151.4,104,11,1.0,28.0,5,0,0,Annual,South,Web,0
32,,147.7,37,5,1.0,14.7,6,1,1,Monthly,East,Web,0
35,48.4,,31,11,2.0,5.6,4,0,1,Annual,North,Mobile,0
28,81.2,61.3,112,7,0.0,15.5,6,0,0,Monthly,South,Mobile,0
27,47.2,194.9,52,8,0.0,16.7,4,1,1,Monthly,North,Web,0
75,86.0,189.1,87,8,2.0,23.3,1,0,0,Monthly,East,Web,0
56,49.9,154.5,1,13,1.0,7.1,4,1,0,Two-Year,East,Store,0
28,120.1,141.0,32,3,4.0,3.0,3,0,0,Monthly,West,Web,0
48,61.6,184.3,8,10,1.0,11.9,5,0,0,Two-Year,East,Store,0
37,53.8,12.9,92,11,1.0,45.8,1,0,0,Monthly,West,Web,0
37,66.4,204.0,28,10,4.0,9.9,2,0,0,Annual,North,Web,0
41,89.6,,82,14,1.0,1.8,1,0,0,Monthly,North,Mobile,0
72,58.2,161.8,114,7,5.0,14.2,2,1,0,Monthly,South,Web,0
67,41.3,52.2,9,11,1.0,18.4,3,1,0,Monthly,North,Web,0
49,65.9,114.0,107,15,2.0,4.5,4,0,0,Annual,South,Web,0
34,43.1,,9,8,3.0,15.3,6,0,1,Monthly,North,Partner,0
69,69.8,43.4,81,5,1.0,22.0,1,1,0,Annual,West,Web,0
30,70.7,213.3,27,10,1.0,27.5,1,1,0,,South,Mobile,0
19,56.3,188.0,55,14,3.0,15.5,3,0,0,Annual,West,Mobile,0
25,96.3,214.1,22,23,1.0,15.0,6,0,0,Monthly,West,Web,0
48,108.0,175.9,66,11,1.0,39.9,2,0,0,Monthly,West,Web,0
62,22.3,,118,7,0.0,13.6,4,1,0,Monthly,West,Mobile,0
31,132.4,118.8,10,9,1.0,23.2,3,1,1,Annual,South,Mobile,0
50,80.0,151.7,84,10,1.0,40.5,1,0,1,Two-Year,West,Store,0
34,85.8,143.3,19,6,4.0,3.9,1,1,0,Monthly,North,Mobile,0
23,36.4,225.3,104,8,1.0,37.1,3,1,1,Annual,East,Mobile,0
55,18.0,84.1,41,10,3.0,15.9,4,0,0,Annual,South,Web,0
44,132.5,139.9,35,19,2.0,9.2,4,1,0,Monthly,West,Store,0
39,85.1,138.5,29,18,2.0,4.3,6,1,0,Monthly,North,Web,0
75,114.2,145.3,72,7,3.0,35.3,4,0,0,Monthly,West,Store,0
73,97.3,104.1,41,15,1.0,15.0,5,1,0,Monthly,East,Partner,0
71,43.5,169.8,97,10,1.0,10.0,6,0,0,Monthly,West,Mobile,0
29,74.4,167.0,17,8,0.0,12.8,2,1,0,Monthly,West,Store,0
50,79.9,80.6,101,12,3.0,6.5,4,1,0,Monthly,West,Web,0
40,78.0,48.9,17,10,2.0,3.9,2,0,1,Two-Year,West,Store,0
31,74.3,174.6,51,13,5.0,18.0,1,0,1,Monthly,East,Web,0
49,99.7,83.3,106,4,0.0,19.6,5,0,0,,West,Store,0
52,51.5,156.9,9,9,0.0,8.0,5,1,0,Monthly,East,Mobile,0
65,,125.6,100,6,3.0,27.5,6,0,0,Annual,East,Mobile,0
47,63.3,151.6,108,14,1.0,9.3,2,1,0,,South,Mobile,0
51,86.2,83.9,68,9,0.0,24.1,5,1,0,Monthly,East,Mobile,0
74,58.4,91.7,61,10,0.0,6.2,3,1,0,Annual,West,Store,0
27,70.5,180.0,82,4,1.0,14.7,1,1,0,Monthly,East,Mobile,0
18,104.1,6.2,100,15,3.0,10.2,3,0,0,Monthly,North,Partner,0
28,96.6,193.1,112,13,6.0,16.5,5,1,0,Monthly,East,Partner,0
36,62.5,173.0,114,14,2.0,10.8,5,1,0,Monthly,East,Store,0
34,18.0,183.0,21,6,1.0,13.2,4,0,0,Annual,North,Web,0
41,40.5,99.9,14,12,3.0,38.4,6,1,0,Monthly,North,Web,1
56,75.1,103.6,85,8,1.0,11.0,5,1,0,Annual,North,Mobile,0
60,93.0,96.5,29,7,1.0,14.6,4,0,0,Two-Year,North,Web,0
57,49.3,130.7,82,14,5.0,19.3,2,1,0,Monthly,South,Web,0
61,91.7,203.6,102,8,1.0,16.5,3,0,0,Monthly,East,,0
48,64.4,189.7,120,17,1.0,11.9,1,0,0,Annual,North,Mobile,0
60,90.7,181.5,71,15,1.0,14.7,3,0,0,Annual,West,Web,0
68,39.0,74.7,93,13,0.0,13.0,1,0,0,Annual,West,Web,0
50,70.5,234.0,108,14,,7.5,3,1,0,,West,Web,0
64,71.2,65.2,1,11,0.0,11.6,5,1,0,Monthly,South,Mobile,0
49,90.5,180.2,71,3,2.0,5.1,4,0,0,Monthly,North,Web,0
38,55.9,164.1,10,8,0.0,13.6,5,0,1,Monthly,West,Mobile,0
34,83.2,72.0,103,4,,26.4,2,1,0,Monthly,East,Mobile,0
67,41.8,86.4,78,7,3.0,20.1,6,1,0,Annual,North,Mobile,0
68,64.7,87.8,34,8,3.0,6.3,3,1,0,Monthly,North,Mobile,0
29,18.0,80.0,40,17,1.0,7.1,1,1,0,Monthly,West,Web,0
42,57.1,153.6,17,6,2.0,16.5,4,1,1,Monthly,East,Mobile,0
54,44.5,192.4,74,12,,23.4,2,0,1,Monthly,South,Web,0
38,91.5,86.8,107,11,1.0,21.4,6,1,0,Monthly,South,,0
47,55.7,155.4,16,8,5.0,10.1,3,1,0,Two-Year,West,,0
64,87.8,108.8,24,8,1.0,23.3,2,0,0,Annual,South,Mobile,0
32,86.4,287.2,31,11,0.0,28.1,4,0,0,Monthly,West,Mobile,0
60,66.9,209.3,29,14,0.0,0.8,2,0,0,Two-Year,West,,0
42,,186.4,112,11,2.0,3.2,2,0,0,Monthly,East,Mobile,0
36,142.2,182.0,64,13,3.0,6.4,4,1,0,Monthly,East,Mobile,0
21,65.3,184.7,34,11,1.0,18.7,3,1,0,Monthly,North,Web,0
19,41.3,91.3,9,9,4.0,19.4,2,0,0,Two-Year,East,Mobile,0
29,59.6,181.8,102,12,2.0,6.5,5,0,1,Monthly,North,Web,0
18,86.0,47.6,76,9,1.0,14.0,6,0,0,Monthly,South,Web,0
49,92.4,71.7,45,10,2.0,21.4,3,1,1,Monthly,North,Web,0
67,73.4,152.2,12,17,1.0,32.8,4,0,0,Monthly,West,Web,0
19,75.3,160.5,120,7,2.0,18.0,4,0,0,Monthly,East,Web,0
26,73.7,128.7,65,9,1.0,15.2,1,1,0,Annual,South,Web,0
68,18.0,194.2,48,9,0.0,31.6,1,0,1,Two-Year,West,Mobile,0
52,93.6,109.9,99,13,3.0,8.1,4,0,1,Monthly,South,Store,0
62,82.2,212.5,55,13,0.0,7.4,4,0,0,Annual,West,Web,0
52,90.9,162.1,8,9,2.0,4.8,1,1,1,Monthly,North,Store,0
73,,159.8,52,11,2.0,7.5,6,1,0,Annual,East,Web,0
31,98.5,,84,5,0.0,10.8,1,1,0,Annual,South,Web,0
66,110.4,71.8,9,10,2.0,33.7,1,1,0,Monthly,South,Mobile,0
43,78.5,182.5,95,8,2.0,2.2,3,1,0,Monthly,North,Web,0
20,62.2,115.6,99,5,5.0,14.5,2,1,1,Monthly,South,Mobile,0
42,95.4,,2,10,0.0,14.4,3,1,0,Monthly,East,Web,0
41,31.9,161.3,52,10,3.0,32.9,4,0,0,Monthly,West,Store,0
47,114.1,116.2,116,16,3.0,23.9,3,0,0,Two-Year,West,Mobile,0
27,68.0,137.6,97,11,1.0,8.2,1,1,0,Monthly,East,Store,0
67,89.6,131.7,38,6,0.0,15.1,6,1,1,Annual,West,Mobile,0
35,57.6,30.1,115,3,1.0,4.9,3,1,0,Monthly,East,Mobile,0
71,78.7,142.0,66,16,1.0,7.7,1,1,0,Two-Year,East,Store,0
75,102.6,191.1,29,10,1.0,20.5,3,1,1,Monthly,West,Web,1
23,48.0,111.8,119,8,2.0,24.0,6,0,1,Monthly,South,Mobile,0
60,38.3,196.5,102,5,0.0,6.6,4,1,0,Monthly,North,Mobile,0
42,72.6,140.8,120,11,1.0,15.4,3,1,0,Monthly,South,Web,0
48,48.6,153.5,114,14,4.0,49.1,4,1,0,Annual,North,Store,0
35,120.0,161.2,60,5,0.0,12.1,1,1,0,Two-Year,South,Mobile,0
41,70.5,116.9,76,11,1.0,28.6,1,1,0,Monthly,East,Web,0
63,74.6,262.5,83,6,1.0,12.6,3,0,0,Monthly,South,Mobile,0
52,76.0,169.0,18,8,0.0,24.7,3,1,0,Monthly,South,Web,0
38,50.4,113.2,118,8,3.0,13.1,4,1,1,Monthly,North,Web,0
59,49.6,176.0,23,17,0.0,1.7,5,1,0,Monthly,North,Web,0
46,141.2,158.5,41,12,1.0,2.6,2,1,0,Two-Year,South,Web,0
59,132.1,145.3,39,15,2.0,4.8,5,0,0,Two-Year,North,Store,0
58,64.4,144.2,11,11,0.0,11.0,4,1,0,Monthly,South,Store,0
68,77.9,176.5,65,9,2.0,18.5,6,1,1,Two-Year,South,Web,0
54,96.1,70.0,105,21,1.0,10.7,2,1,0,Two-Year,North,Mobile,0
61,64.0,101.3,36,13,1.0,2.9,1,1,0,Monthly,South,Mobile,0
61,46.7,,1,9,0.0,38.9,4,1,0,Monthly,North,Mobile,0
64,78.8,69.5,113,9,1.0,26.8,6,0,0,Monthly,North,Web,0
42,91.5,6.2,101,14,0.0,8.0,5,0,0,Monthly,North,Store,0
33,115.6,126.5,19,5,1.0,20.7,1,0,0,Two-Year,West,Store,0
49,123.2,115.3,110,9,1.0,19.6,4,1,0,Monthly,North,Web,0
43,86.3,80.5,109,10,1.0,15.0,6,0,0,Annual,South,Store,0
33,97.7,120.2,28,12,0.0,30.4,2,1,0,Annual,East,Mobile,0
31,80.8,226.4,106,10,3.0,12.8,6,1,0,Annual,West,Web,0
63,123.1,185.5,85,7,1.0,8.0,6,0,0,Two-Year,South,Mobile,0
52,47.9,18.2,48,12,1.0,25.2,5,1,0,Two-Year,East,Mobile,0
68,113.9,124.8,99,7,2.0,16.3,2,0,1,Annual,East,Partner,0
49,41.4,203.8,103,14,2.0,13.2,5,0,1,Monthly,North,Web,0
35,89.1,142.6,52,5,3.0,11.7,2,1,0,,West,Store,0
67,106.7,153.5,41,11,5.0,18.6,1,1,0,Two-Year,North,Mobile,0
46,77.8,151.3,76,12,2.0,8.2,1,1,0,Monthly,East,Partner,0
18,,85.6,101,8,2.0,9.7,3,1,0,Monthly,West,Web,0
24,102.3,174.6,32,6,0.0,27.0,2,0,0,Two-Year,East,Web,0
48,77.7,194.7,54,11,4.0,18.8,2,1,0,Annual,South,Partner,0
24,52.1,112.9,20,8,2.0,10.1,5,0,1,Monthly,South,Store,0
64,49.9,153.2,54,14,0.0,7.3,3,0,0,Monthly,South,Mobile,0
26,56.3,108.2,1,11,2.0,41.9,4,0,0,Annual,South,Web,0
45,91.5,163.7,57,10,1.0,15.5,2,0,0,Monthly,South,Partner,0
54,44.6,221.4,71,13,2.0,4.2,6,0,0,Annual,North,Web,0
19,95.6,205.4,60,10,0.0,49.7,1,0,0,Monthly,East,Web,0
63,51.6,48.9,15,13,2.0,14.4,1,1,0,Monthly,West,Mobile,1
22,86.0,100.2,98,10,0.0,31.5,3,0,0,Two-Year,South,Web,0
25,59.2,112.5,98,10,3.0,55.2,1,1,1,,East,Web,0
20,57.1,183.0,17,12,3.0,12.6,5,1,0,Annual,West,Mobile,0
75,79.2,137.2,62,10,1.0,6.4,3,1,0,Monthly,South,Mobile,0
43,61.1,141.9,116,6,3.0,5.2,4,0,1,Two-Year,West,Mobile,0
38,91.1,,95,14,3.0,13.5,3,1,0,Monthly,North,Partner,0
31,59.0,217.8,69,4,3.0,15.8,4,0,0,Annual,South,Web,0
69,20.9,165.0,30,10,2.0,7.7,5,1,0,Annual,South,Store,0
53,18.2,45.1,103,9,4.0,17.8,5,0,1,Two-Year,South,Partner,0
75,34.1,211.2,12,13,4.0,9.8,3,0,1,Monthly,North,Web,0
75,102.3,85.2,119,11,3.0,10.8,6,0,0,Monthly,East,Web,0
66,80.6,161.1,71,8,,14.0,6,0,1,Monthly,East,Web,0
63,45.1,104.3,118,7,1.0,13.7,3,0,0,Monthly,East,Mobile,0
40,64.6,121.6,109,11,3.0,19.4,6,0,1,Monthly,West,Mobile,1
37,107.1,226.0,93,6,0.0,8.7,1,0,0,Annual,North,Store,0
19,39.1,132.1,50,8,1.0,15.2,4,0,1,Annual,West,Web,0
63,92.1,133.4,26,8,3.0,14.1,3,1,1,Monthly,North,Store,1
47,100.2,138.5,79,13,2.0,9.8,4,0,1,Annual,West,Mobile,0
68,33.8,156.6,86,13,0.0,2.0,1,1,0,Two-Year,East,Web,0
46,69.7,204.0,61,13,2.0,50.5,4,1,0,Monthly,West,Mobile,0
18,28.3,193.2,104,8,1.0,26.9,5,1,0,Monthly,South,Web,0
18,,165.0,78,11,1.0,15.3,2,1,1,Annual,South,Partner,0
64,61.4,,4,9,1.0,27.6,2,1,1,Annual,North,Partner,0
68,37.9,148.7,96,12,1.0,18.3,4,1,0,Annual,North,Mobile,0
38,79.4,188.9,26,11,3.0,31.2,5,1,0,Monthly,North,Mobile,0
26,73.4,188.5,8,15,3.0,13.1,3,0,0,Annual,South,Web,0
21,,163.3,109,8,0.0,4.4,3,0,0,Monthly,East,Store,0
54,34.8,156.3,90,11,6.0,13.4,1,1,0,Monthly,East,Mobile,0
66,133.2,183.2,67,6,1.0,14.8,2,0,1,Annual,East,Web,0
33,88.3,136.8,108,8,0.0,30.8,1,0,0,Two-Year,West,Mobile,0
29,50.7,239.9,113,10,1.0,6.7,6,0,0,Annual,North,Web,0
42,121.4,161.6,94,19,4.0,27.3,4,1,0,Two-Year,South,Web,0
63,80.4,188.0,48,9,1.0,40.7,6,0,0,Monthly,North,Mobile,0
45,53.3,68.7,114,3,0.0,3.2,6,1,0,Annual,South,Mobile,0
47,66.9,182.7,109,3,1.0,14.3,5,1,0,Annual,North,Partner,0
52,,174.3,46,10,1.0,20.4,6,0,0,Monthly,North,Web,0
48,92.9,172.0,31,8,3.0,30.2,1,0,0,Monthly,West,Web,0
48,,245.9,55,13,2.0,17.8,5,0,0,Monthly,South,Partner,1
22,87.1,165.6,109,14,1.0,17.6,2,0,0,Annual,East,Mobile,0
39,101.8,175.1,90,12,1.0,11.3,3,1,1,Annual,South,Mobile,0
52,74.8,165.3,49,12,7.0,11.1,4,1,1,Monthly,East,Store,0
20,69.2,192.2,24,7,2.0,13.7,5,0,1,Monthly,East,Mobile,0
65,75.1,92.2,113,10,1.0,19.8,3,1,1,Monthly,South,Store,0
25,111.2,62.8,27,7,2.0,21.2,5,0,0,Monthly,North,Store,0
18,85.2,150.6,54,12,0.0,18.7,2,0,0,Monthly,West,Web,0
54,27.5,208.3,54,15,2.0,11.9,3,1,1,Monthly,South,Web,0
55,44.1,79.4,53,12,5.0,6.6,2,1,1,Two-Year,West,Mobile,0
53,47.7,163.4,66,13,2.0,48.0,2,0,0,Monthly,North,Web,0
50,80.1,140.2,100,14,4.0,27.9,1,0,0,Monthly,East,Mobile,0
56,125.6,43.4,86,8,2.0,11.7,6,1,0,Monthly,South,Web,0
39,29.9,154.6,112,13,0.0,10.1,6,0,0,Annual,North,Mobile,0
22,27.6,103.1,38,5,2.0,2.8,1,1,0,Two-Year,South,Store,0
60,29.8,58.4,45,7,2.0,22.8,2,1,0,Monthly,East,Mobile,0
32,74.1,244.9,59,6,1.0,24.4,1,1,1,Two-Year,East,Mobile,0
22,,128.1,14,9,3.0,4.6,2,1,0,Annual,South,Web,0
31,100.8,198.7,38,6,0.0,16.3,2,1,1,Monthly,East,Mobile,0
69,22.1,105.8,92,8,,37.7,4,0,1,Monthly,East,Store,0
65,88.0,202.5,41,7,2.0,7.2,4,0,0,Monthly,East,Store,0
24,58.6,136.5,92,8,0.0,14.7,2,1,0,Annual,West,Mobile,0
62,,161.5,4,10,1.0,6.0,3,0,0,Monthly,North,Store,0
49,78.7,179.4,117,16,0.0,12.9,2,0,0,Monthly,West,Mobile,0
61,55.8,121.0,97,11,4.0,1.5,2,0,0,Annual,West,Store,0
59,37.3,87.7,52,5,1.0,4.7,6,0,0,Annual,South,Mobile,0
74,112.1,160.2,79,5,1.0,16.7,5,1,1,Annual,South,Store,0
53,62.4,102.7,56,15,1.0,11.1,5,1,1,Annual,East,Store,0
71,39.3,116.3,74,9,1.0,15.8,3,1,0,Monthly,West,Mobile,0
63,50.2,,51,4,3.0,81.6,2,0,1,Annual,East,Mobile,0
55,80.1,147.7,55,13,,4.1,5,1,0,Two-Year,East,Web,0
39,83.3,110.6,55,10,2.0,10.7,1,0,0,Monthly,North,Web,1
47,58.3,98.3,80,10,1.0,11.8,6,1,0,Monthly,East,Web,0
71,70.5,139.5,64,3,1.0,16.0,5,1,0,Monthly,West,Web,0
65,64.2,296.7,28,8,3.0,27.1,3,0,0,Monthly,West,Web,0
46,111.1,73.1,22,7,4.0,7.0,4,0,0,Monthly,South,Store,1
49,56.1,,49,13,1.0,8.3,4,1,1,Monthly,South,Partner,0
53,50.7,121.1,32,19,1.0,10.6,5,1,1,Annual,South,Mobile,0
62,43.8,150.2,8,10,2.0,15.0,1,1,0,Annual,East,Store,0
31,68.3,164.1,49,9,3.0,15.2,6,1,1,Monthly,West,Mobile,0
28,100.9,129.4,5,8,0.0,24.8,2,1,1,Annual,South,Web,0
60,76.8,123.7,33,10,3.0,6.8,5,1,1,Monthly,South,Store,0
47,75.2,214.7,1,14,0.0,10.9,5,1,1,Annual,North,Mobile,0
49,108.3,130.7,30,13,0.0,21.0,6,1,1,Monthly,North,Web,0
46,100.1,159.9,53,6,3.0,19.0,6,0,0,Monthly,East,Web,0
58,83.1,29.4,111,12,0.0,40.3,5,1,1,Monthly,South,Web,0
46,135.3,66.6,115,6,1.0,3.7,6,1,1,Two-Year,East,,0
57,31.5,152.8,77,12,3.0,14.1,2,1,1,Monthly,West,Web,0
48,114.6,98.2,14,12,2.0,15.5,4,0,0,Annual,West,Partner,0
20,98.4,131.2,23,10,3.0,6.6,5,1,0,Monthly,North,Web,0
53,39.2,187.6,84,11,2.0,7.5,5,1,0,Monthly,South,Mobile,0
22,113.0,176.6,80,14,1.0,12.5,3,0,0,Monthly,West,Web,0
53,112.9,142.9,11,13,2.0,10.8,6,1,0,Monthly,West,Web,0
22,72.5,39.2,19,6,3.0,28.7,2,0,1,Monthly,West,Web,0
73,53.3,197.2,86,7,2.0,25.5,6,1,1,Annual,South,Mobile,0
32,60.6,141.0,84,13,2.0,18.9,1,0,1,Annual,East,Mobile,0
30,117.6,139.7,115,11,1.0,26.0,2,1,1,Two-Year,East,Store,0
18,92.1,158.4,18,9,2.0,27.8,5,1,1,Annual,East,Web,1
26,45.9,130.3,77,11,1.0,23.4,4,1,0,Two-Year,West,Partner,0
19,121.3,44.0,90,4,4.0,6.9,5,1,0,Monthly,North,,0
60,106.1,206.4,16,10,0.0,13.0,5,1,0,Monthly,East,Mobile,0
25,42.0,92.8,4,7,2.0,17.3,4,0,1,Monthly,South,Mobile,0
32,86.2,60.2,108,13,2.0,6.0,6,1,0,Monthly,West,Mobile,0
69,78.1,203.0,89,14,2.0,14.1,1,1,0,Monthly,West,Web,0
34,81.0,143.0,42,10,2.0,23.6,1,1,0,Monthly,North,Mobile,0
54,98.4,167.6,71,10,2.0,14.5,3,0,0,Monthly,East,Partner,0
28,91.2,74.4,36,16,4.0,20.1,2,1,0,Annual,West,Web,0
40,105.3,165.6,30,14,0.0,7.7,1,1,0,Monthly,North,Store,0
45,73.2,178.4,11,9,5.0,12.0,3,1,0,Annual,South,Web,0
67,68.3,258.9,101,11,2.0,6.7,4,0,0,Annual,East,Web,0
41,74.3,101.4,61,7,2.0,27.9,3,1,0,Two-Year,East,Store,0
40,18.0,47.9,74,6,2.0,6.3,1,1,1,Monthly,West,Web,0
74,70.6,77.1,42,9,1.0,28.3,2,0,0,Annual,East,Mobile,0
39,115.8,107.7,13,11,1.0,2.1,3,0,0,Annual,South,Web,0
57,57.6,270.9,100,10,4.0,6.0,3,1,0,Monthly,North,Web,0
72,37.9,107.2,72,9,1.0,7.4,2,0,0,Annual,North,Web,0
51,92.1,207.0,3,10,0.0,6.3,4,1,0,Annual,East,Web,0
60,150.8,171.0,119,9,1.0,45.6,5,0,0,Annual,North,Web,0
51,64.1,87.7,34,12,2.0,1.5,5,0,1,Monthly,East,Web,0
60,91.4,169.6,29,7,3.0,5.5,2,0,0,Monthly,East,Partner,0
34,63.7,123.7,106,6,2.0,31.7,5,1,0,Two-Year,North,Web,0
51,40.3,89.7,61,10,0.0,9.8,2,1,0,Annual,West,Web,0
69,64.4,235.5,43,13,1.0,44.9,4,1,0,Annual,South,Partner,0
28,65.0,88.5,109,12,1.0,22.0,4,1,1,Monthly,West,Partner,0
24,67.5,141.9,94,14,2.0,11.7,2,0,0,Two-Year,East,Web,0
41,43.4,194.9,98,6,2.0,9.5,5,0,0,Monthly,South,Store,0
60,38.2,117.8,111,7,,13.0,2,1,0,Monthly,West,Web,0
65,34.1,184.1,24,12,1.0,5.1,3,0,1,Annual,North,Store,0
25,75.4,147.7,68,7,2.0,12.3,1,0,1,Monthly,West,Web,0
55,,96.1,96,12,1.0,4.6,5,0,0,Monthly,North,Web,0
46,106.6,246.8,91,11,2.0,1.6,2,1,0,Monthly,East,Web,0
51,103.9,192.8,44,6,3.0,13.3,6,1,1,Annual,West,Store,0
30,51.8,230.3,76,9,1.0,6.9,1,1,0,Monthly,South,Mobile,0
28,59.0,192.9,118,6,7.0,15.4,3,1,0,Annual,North,Mobile,0
50,,150.5,51,12,1.0,9.4,4,0,0,Annual,South,Web,0
51,36.7,,55,4,1.0,28.0,1,0,0,Two-Year,West,Web,1
29,60.8,58.6,5,10,1.0,6.0,1,1,0,,South,Web,0
30,32.1,119.5,19,5,1.0,11.0,4,1,1,Monthly,North,Partner,0
47,24.0,176.8,13,12,,14.0,6,0,0,Monthly,West,Mobile,0
53,99.3,110.3,15,10,1.0,16.7,5,0,0,Annual,East,Web,0
19,75.5,114.5,76,10,0.0,11.5,4,1,0,Annual,North,Mobile,0
59,52.8,172.7,17,12,3.0,8.5,5,1,1,Monthly,North,Web,1
32,92.0,172.0,43,10,1.0,18.6,5,1,0,Annual,East,Mobile,0
62,94.2,59.4,62,12,2.0,7.8,2,1,0,Annual,North,Web,0
60,117.5,88.6,35,12,1.0,17.9,2,1,0,Monthly,North,Store,0
68,,86.8,99,3,1.0,4.5,2,1,1,Monthly,North,Web,0
48,81.1,72.6,110,9,3.0,19.5,2,1,0,Two-Year,East,Web,0
58,65.0,186.4,68,12,3.0,15.5,6,0,0,Monthly,South,Mobile,0
46,59.1,172.3,78,9,1.0,17.1,1,1,0,Two-Year,East,Web,0
36,105.6,205.2,116,7,1.0,4.4,1,1,0,Monthly,West,Web,0
54,89.5,95.1,100,8,2.0,16.1,4,1,0,Two-Year,South,Store,0
56,46.1,100.4,47,8,1.0,16.2,1,1,0,Monthly,West,Mobile,0
48,77.7,62.5,10,8,0.0,35.3,1,0,0,Annual,South,Mobile,0
34,94.8,259.5,5,7,3.0,8.3,6,0,0,Monthly,South,Mobile,0
33,71.4,138.3,26,10,4.0,11.7,6,0,0,Monthly,South,Web,0
71,74.6,74.5,110,11,1.0,19.4,2,0,0,Annual,West,Web,0
69,,51.5,37,7,3.0,5.8,5,0,1,Annual,South,Mobile,0
62,51.8,100.4,65,12,0.0,27.3,3,1,0,Annual,West,Mobile,0
36,58.5,102.9,85,12,1.0,27.5,3,1,1,Annual,West,Partner,0
45,120.4,160.2,34,8,0.0,10.9,2,1,0,Annual,West,Store,0
19,80.7,212.8,97,6,2.0,19.9,1,0,0,Annual,West,Web,0
51,72.9,145.1,35,7,1.0,27.7,4,1,0,Monthly,North,Mobile,0
28,40.3,156.1,62,9,1.0,8.3,4,0,0,Monthly,South,Store,0
75,86.8,122.0,64,8,1.0,23.1,2,0,0,Monthly,North,Web,0
41,93.3,209.8,90,7,2.0,10.7,1,0,0,Annual,West,Web,0
20,110.9,153.3,84,8,2.0,10.7,6,0,0,Monthly,South,Store,0
18,116.1,125.3,76,6,1.0,7.5,3,1,0,Monthly,North,Web,0
57,87.8,285.2,105,8,5.0,7.3,1,0,0,Monthly,North,Mobile,0
49,58.4,97.6,53,13,1.0,7.7,5,0,1,Annual,West,Mobile,0
58,,175.2,64,9,2.0,15.8,4,1,1,Monthly,East,Mobile,0
73,122.2,96.7,113,6,2.0,11.7,6,0,0,Annual,West,Web,0
36,60.8,140.4,118,6,2.0,8.4,2,0,0,Annual,West,Web,0
50,112.8,93.2,119,7,1.0,26.7,2,1,1,Annual,East,Web,0
26,99.7,203.5,4,10,1.0,15.4,6,1,0,,East,Mobile,1
30,70.6,127.4,78,8,,14.1,4,0,0,Two-Year,South,Web,0
35,119.8,151.9,95,13,1.0,7.2,1,1,0,Annual,East,Web,0
21,76.6,211.0,13,4,0.0,11.0,2,0,1,Annual,East,Store,0
24,116.2,214.3,115,10,4.0,17.5,1,0,0,Annual,East,Store,0
49,71.3,164.7,68,7,2.0,13.9,6,0,0,Two-Year,East,Store,0
46,69.2,86.1,3,12,5.0,5.0,6,1,1,Annual,North,Store,0
57,,37.9,83,15,0.0,18.3,6,0,1,Monthly,West,Mobile,0
55,140.3,127.7,61,11,2.0,24.0,1,0,0,Monthly,South,Partner,1
55,90.6,97.8,75,10,3.0,13.2,3,0,1,Two-Year,West,Web,0
32,77.7,,83,7,3.0,8.4,1,0,0,Monthly,South,Web,0
50,30.9,58.8,54,6,1.0,27.8,6,0,0,Annual,North,Mobile,0
38,57.4,177.4,106,9,4.0,30.8,4,0,0,Two-Year,South,Web,0
39,40.4,31.9,57,7,0.0,10.3,2,1,0,Monthly,South,Web,0
46,18.0,138.1,77,9,2.0,9.4,4,0,1,Monthly,West,,0
40,52.6,211.4,91,16,2.0,27.5,3,1,0,Monthly,East,Mobile,0
25,135.9,137.4,78,8,1.0,21.7,4,0,1,Two-Year,East,Web,0
68,112.1,137.3,112,11,0.0,31.8,1,1,0,Two-Year,West,Web,0
40,107.9,224.4,14,12,5.0,29.1,4,1,0,Annual,North,Mobile,0
20,64.2,31.7,16,7,3.0,6.5,1,0,0,Monthly,North,Partner,0
55,59.6,145.6,33,9,4.0,16.8,1,1,0,Two-Year,East,Partner,0
35,28.4,229.5,74,5,4.0,11.0,2,0,0,Monthly,West,Partner,0
63,104.0,92.1,62,10,2.0,13.5,6,0,0,Monthly,North,Web,0
34,68.2,155.9,74,14,0.0,11.2,6,0,0,Monthly,North,Web,0
67,71.3,169.8,120,5,3.0,40.4,1,0,0,Monthly,North,Store,0
74,97.6,161.2,16,9,0.0,8.2,3,0,0,Monthly,South,Store,0
48,44.6,162.4,72,11,0.0,9.6,5,0,0,Monthly,East,Web,0
47,107.5,226.3,3,13,2.0,38.6,4,0,0,Annual,West,Mobile,0
27,29.4,57.1,101,9,1.0,21.7,6,0,1,Monthly,West,Web,0
28,31.1,187.6,24,14,0.0,11.4,2,1,1,Monthly,North,Mobile,0
29,107.2,217.7,7,13,3.0,28.9,5,1,0,Annual,North,Mobile,0
67,,210.5,99,5,2.0,18.4,3,0,0,Monthly,West,Partner,0
68,83.5,137.1,74,16,1.0,19.1,1,0,0,Monthly,South,Web,0
39,19.3,142.8,85,14,1.0,39.7,2,1,0,Monthly,North,Mobile,0
66,100.8,106.1,106,9,2.0,7.4,6,1,1,Two-Year,North,Store,0
40,,168.3,99,13,5.0,8.2,6,0,0,Monthly,South,Mobile,0
27,66.6,141.4,26,9,,2.8,3,0,0,Annual,West,Web,0
37,63.9,,61,14,3.0,21.4,6,0,0,Annual,North,Mobile,0
41,130.0,96.9,3,13,1.0,17.4,1,1,0,Annual,North,Web,0
26,53.6,130.1,31,11,2.0,6.2,6,0,0,Annual,North,Partner,0
57,18.0,264.0,95,12,1.0,21.0,1,1,0,Annual,North,Web,0
43,93.1,93.2,119,9,2.0,33.2,5,0,0,Monthly,North,Partner,0
61,53.9,65.5,24,9,5.0,4.6,2,1,0,Monthly,North,Partner,0
49,99.7,138.1,120,10,1.0,8.4,3,0,0,Annual,West,Store,0
53,57.1,76.0,1,5,1.0,24.2,4,0,1,Two-Year,West,Mobile,0
44,69.5,13.9,34,4,,11.4,6,1,1,Monthly,North,Web,0
52,64.7,111.5,13,10,2.0,14.7,4,1,0,Monthly,North,Mobile,0
40,56.0,,37,11,3.0,38.1,4,1,1,Monthly,East,,0
37,79.3,132.0,119,13,2.0,29.8,1,1,0,Annual,West,Mobile,0
31,120.6,128.0,119,9,3.0,11.4,2,0,1,Monthly,East,,0
67,,172.4,88,10,4.0,28.2,6,1,0,Annual,West,Store,1
67,89.2,59.9,110,9,2.0,11.2,2,1,1,Monthly,North,Store,0
66,59.9,116.8,114,14,1.0,9.6,1,1,0,Annual,East,Store,0
68,73.4,,31,11,2.0,1.6,3,0,0,Annual,South,Web,0
33,102.6,114.3,95,10,1.0,2.4,1,1,1,Monthly,East,Mobile,0
50,78.1,217.9,103,14,1.0,1.4,5,1,1,Monthly,North,Web,0
73,125.5,224.1,51,10,,10.5,4,1,0,Two-Year,West,Mobile,0
59,32.4,144.9,119,12,0.0,11.8,1,0,0,Two-Year,East,Mobile,0
26,24.1,159.0,68,11,3.0,17.0,1,1,0,Monthly,East,Mobile,0
70,68.4,,100,15,7.0,15.1,6,1,1,Annual,East,Store,0
51,84.3,179.5,47,9,1.0,8.1,2,1,1,Two-Year,East,Web,0
27,108.1,185.6,9,9,2.0,45.7,2,1,0,Monthly,North,Mobile,0
27,56.7,75.6,73,8,3.0,22.7,4,0,0,Annual,South,Partner,0
25,75.3,167.5,57,7,3.0,22.4,4,1,0,Monthly,East,Mobile,0
31,48.3,188.8,95,11,0.0,12.9,1,1,0,Monthly,South,Mobile,0
29,105.3,54.4,98,11,0.0,18.3,6,1,0,Monthly,East,Web,0
75,104.9,132.7,3,14,3.0,25.9,2,1,0,Monthly,East,Mobile,0
52,85.0,37.3,3,6,,4.7,6,1,0,Annual,South,Store,0
58,74.4,26.5,2,8,0.0,9.3,1,1,0,Monthly,South,Mobile,0
22,75.5,118.5,87,7,2.0,13.4,2,1,0,Monthly,South,Web,0
58,46.3,185.8,61,7,4.0,4.2,3,1,0,Annual,North,Mobile,0
60,29.3,204.4,70,9,2.0,10.1,4,1,0,Monthly,West,Mobile,0
18,101.7,147.7,46,7,1.0,20.0,1,1,0,,South,Web,0
20,90.3,74.2,68,10,0.0,19.9,3,0,0,Monthly,South,Store,0
47,86.9,187.4,57,8,1.0,21.9,4,1,0,Monthly,North,Web,0
19,56.6,104.6,66,14,2.0,52.7,6,0,0,Annual,South,Mobile,0
39,42.6,135.3,118,11,2.0,15.0,1,1,0,Monthly,East,Store,0
74,100.0,130.2,65,13,4.0,5.3,6,1,0,Monthly,West,Web,0
72,84.9,205.8,73,9,2.0,22.0,5,1,0,Monthly,North,Web,0
38,69.2,219.3,55,12,3.0,15.7,5,1,0,Two-Year,East,Store,0
75,112.7,168.3,100,4,1.0,4.7,3,1,0,Monthly,South,Mobile,0
50,126.2,190.2,5,15,3.0,15.2,2,1,0,Annual,North,Web,0
48,125.1,137.0,92,9,2.0,11.8,3,0,0,Monthly,North,Mobile,0
46,62.5,79.4,94,11,1.0,8.7,2,1,1,Monthly,North,Store,0
